date,day_of_week,is_weekend,season_factor,noise,meals_sold,price_per_meal,revenue,chicken_kg,vegetables_kg
2023-01-01,6,1,0.9,0.04967141530112327,934,503.9169051019536,470658.3893652247,137.5136422191831,188.7205556602174
2023-01-02,0,0,0.9,-0.013826430117118467,778,480.43254444769934,373776.5195803101,97.64991944333747,205.28711002635254
2023-01-03,1,0,0.9,0.06476885381006925,736,508.16505511428943,374009.480564117,107.32317765274969,228.6967564821737
2023-01-04,2,0,0.9,0.15230298564080255,745,465.94832791524317,347131.5042968562,99.07724523228143,155.78306099735067
2023-01-05,3,0,0.9,-0.023415337472333597,727,520.5831127465128,378463.92296671483,100.60918903983934,185.88749151558275
2023-01-06,4,0,0.9,-0.023413695694918055,877,509.45194964826084,446789.35984152474,141.8736652135375,201.83324890217122
2023-01-07,5,1,0.9,0.15792128155073915,995,505.1205946862775,502594.99171284615,182.48109963659297,261.46273310486214
2023-01-08,6,1,0.9,0.07674347291529088,937,519.6538196789103,486915.6290391389,147.94614446888264,234.78824402315678
2023-01-09,0,0,0.9,-0.04694743859349521,775,533.3094888892515,413314.8538891699,97.71381253845463,178.8354293647198
2023-01-10,1,0,0.9,0.05425600435859647,735,520.2874013003626,382411.23995576653,116.78565922283607,194.50758388140716
2023-01-11,2,0,0.9,-0.046341769281246226,725,463.1825153733671,335807.32364569115,126.10115655636193,220.49457138786164
2023-01-12,3,0,0.9,-0.04657297535702569,725,474.408460665286,343946.13398233237,99.90814788736895,177.09784252993126
2023-01-13,4,0,0.9,0.02419622715660341,882,487.5036284460864,429978.2002894482,129.93593717988972,239.5447951492409
2023-01-14,5,1,0.9,-0.1913280244657798,960,500.5218210042167,480500.948164048,144.28201333880057,202.7537388133105
2023-01-15,6,1,0.9,-0.1724917832513033,912,510.35318040938245,465442.1005333568,122.48345476937995,201.8319007302593
2023-01-16,0,0,0.9,-0.05622875292409727,774,485.4851237369307,375765.48577238433,126.13538111590293,204.46927377238237
2023-01-17,1,0,0.9,-0.10128311203344238,719,503.7353352895416,362185.7060731804,106.1107656230201,211.76238273552076
2023-01-18,2,0,0.9,0.03142473325952739,733,484.89234135293356,355426.0862117003,116.10034562767703,191.06993753979668
2023-01-19,3,0,0.9,-0.0908024075521211,720,487.769643940161,351194.14363691595,95.22011263964976,173.23794654069985
2023-01-20,4,0,0.9,-0.14123037013352915,865,471.86677806303555,408164.7630245258,122.18197140440499,216.23161197073605
2023-01-21,5,1,0.9,0.14656487689215542,994,481.5353350777819,478646.1230673152,163.46094139361608,211.212841373023
2023-01-22,6,1,0.9,-0.02257763004865357,927,472.96630788767334,438439.7674118732,132.13767336021863,248.56157122594274
2023-01-23,0,0,0.9,0.006752820468792384,780,480.4825349404533,374776.3772535536,143.94063607924113,215.64659365836778
2023-01-24,1,0,0.9,-0.14247481862134567,715,521.0728359321567,372567.0776914921,101.53520254571119,169.05266236073044
2023-01-25,2,0,0.9,-0.05443827245251827,724,481.01202222336116,348252.70408971346,111.85343482888732,170.79068455066363
2023-01-26,3,0,0.9,0.01109225897098661,731,552.6476412967478,403985.42578792264,123.28447796198456,188.5807095762694
2023-01-27,4,0,0.9,-0.11509935774223029,868,509.8663580176178,442563.99875929224,105.57717087628257,205.6278180735029
2023-01-28,5,1,0.9,0.0375698018345672,983,503.69672247389747,495133.8781918412,112.83249875645795,243.7997491946845
2023-01-29,6,1,0.9,-0.0600638689918805,923,482.8328443963757,445654.71537785477,110.28638443303603,288.89129634202084
2023-01-30,0,0,0.9,-0.02916937497932768,777,514.0061975881798,399382.8155260157,136.1705569672584,188.49183091561082
2023-01-31,1,0,0.9,-0.060170661222939695,723,488.4872434752445,353176.27703260176,100.47013121039522,172.9776021026597
2023-02-01,2,0,0.9,0.18522781845089378,748,502.4401962929072,375825.2668270946,150.47066131359705,172.46916188154702
2023-02-02,3,0,0.9,-0.0013497224737933921,729,551.2016907653759,401826.03256795905,101.12327001157527,198.52547841670363
2023-02-03,4,0,0.9,-0.10577109289559004,869,498.078802005507,432830.4789427856,133.5575016495645,212.52548580420407
2023-02-04,5,1,0.9,0.08225449121031891,988,522.9854665257135,516709.6409274049,178.67209266274122,227.75258314415294
2023-02-05,6,1,0.9,-0.12208436499710223,917,485.9364714974823,445603.74436319125,174.34174356883833,265.59907392783055
2023-02-06,0,0,0.9,0.020886359500475543,782,499.30023019006074,390452.7800086275,149.54191593859326,228.8038864858899
2023-02-07,1,0,0.9,-0.19596701238797756,710,535.4160127127102,380145.36902602424,123.65880047442262,164.71097804976557
2023-02-08,2,0,0.9,-0.13281860488984307,716,487.4606588442447,349021.8317324792,122.06457536962014,138.90672184477395
2023-02-09,3,0,0.9,0.019686123586912352,731,536.2489711599386,391997.9979179151,118.31274399732129,204.8447752181237
2023-02-10,4,0,0.9,0.07384665799954104,887,514.1550387091095,456055.5193349801,146.85812549119615,203.5320003365263
2023-02-11,5,1,0.9,0.01713682811899705,981,488.75066448211464,479464.40185695444,136.33573624563417,268.51811138336024
2023-02-12,6,1,0.9,-0.011564828238824054,928,512.6481547811104,475737.4876368705,124.01422872368198,177.15230971490251
2023-02-13,0,0,0.9,-0.03011036955892888,776,519.4510889925346,403094.04505820683,116.347628420982,214.77966603560793
2023-02-14,1,0,0.9,-0.14785219903674274,715,512.4361992443439,366391.8824597059,104.81635989789352,152.77036211692723
2023-02-15,2,0,0.9,-0.07198442083947086,722,468.5955056021909,338325.9550447818,101.75538696771413,196.3283508189809
2023-02-16,3,0,0.9,-0.046063877095978756,725,485.45725648350265,351956.51095053944,118.84761798812238,181.56043922544245
2023-02-17,4,0,0.9,0.10571222262189157,890,495.04962728896993,440594.1682871832,150.5044327125551,197.02981750210958
2023-02-18,5,1,0.9,0.03436182895684614,983,498.5113314179991,490036.6387838931,149.1880793844977,233.74649913178925
2023-02-19,6,1,0.9,-0.1763040155362734,912,512.4134419510135,467321.0590593243,163.75014867844797,246.77767298233533
2023-02-20,0,0,0.9,0.0324083969394795,783,503.5540200186651,394282.79767461476,99.57114847266931,198.23746070367687
2023-02-21,1,0,0.9,-0.038508228041631655,726,473.29311282579795,343610.7999115293,106.08806465125848,194.2285147146907
2023-02-22,2,0,0.9,-0.06769220003059588,723,507.60395702011925,366997.6609255462,98.08474924408344,223.61899627814088
2023-02-23,3,0,0.9,0.06116762888408679,736,512.2117149056764,376987.8221705779,82.92458099668455,149.46154521341998
2023-02-24,4,0,0.9,0.1030999522495951,890,511.1958089586208,454964.2699731725,132.02828379199994,265.67957575166224
2023-02-25,5,1,0.9,0.09312801191161986,989,521.6156145110924,515877.8427514704,145.94183428417864,250.34624066631375
2023-02-26,6,1,0.9,-0.08392175232226386,921,516.6784430909781,475860.84608679084,166.02774427052003,205.41659674483196
2023-02-27,0,0,0.9,-0.03092123758512146,776,509.18360158456875,395126.47482962534,126.19019734429014,163.03029879279632
2023-02-28,1,0,0.9,0.033126343140356396,733,498.59668577082704,365471.3706700162,94.93542115533384,179.091242606813
2023-03-01,2,0,1.0,0.09755451271223592,759,466.78078132968017,354286.61302922724,141.99512515695298,210.73597304851992
2023-03-02,3,0,1.0,-0.047917423784529,745,508.59236438265174,378901.31146507553,129.94340206332777,183.39927715956213
2023-03-03,4,0,1.0,-0.01856589766638171,898,504.1537537432622,452730.07086144947,145.15447475429633,265.2105138208635
2023-03-04,5,1,1.0,-0.11063349740060283,988,505.43157674390744,499366.39782298054,143.72467420672731,203.98715254687178
2023-03-05,6,1,1.0,-0.11962066240806708,938,474.4650284835938,445048.196717611,122.70091991906753,234.15981700761202
2023-03-06,0,0,1.0,0.08125258223941981,808,478.3788691918347,386530.12630700244,115.18513849869177,171.64198290742598
2023-03-07,1,0,1.0,0.1356240028570823,763,521.0630570666581,397571.1125418601,131.06430393668586,199.0735337932855
2023-03-08,2,0,1.0,-0.007201012158033385,749,499.2088969228669,373907.46379522735,140.58110286290042,207.17835965548633
2023-03-09,3,0,1.0,0.10035328978920242,760,513.6300139474525,390358.81060006394,137.4573016297373,180.40663110407198
2023-03-10,4,0,1.0,0.036163602504763415,903,500.5663675226092,452011.4298729161,126.62137944253989,155.20184662397094
2023-03-11,5,1,1.0,-0.06451197546051243,993,500.5951227899149,497090.9569303855,126.71439777488024,254.17666529306757
2023-03-12,6,1,1.0,0.036139560550841394,953,518.76567611952,494383.68934190256,145.63529186612755,250.73635519406105
2023-03-13,0,0,1.0,0.15380365664659693,815,489.6791054356525,399088.47093005676,93.42443834132551,213.63500675881352
2023-03-14,1,0,1.0,-0.003582603910995154,749,501.9224155388197,375939.88923857594,117.19105235848802,215.01802585024382
2023-03-15,2,0,1.0,0.15646436558140064,765,490.7544942258992,375427.1880828129,112.49168042963036,166.66931805205434
2023-03-16,3,0,1.0,-0.26197451040897446,723,491.31007545135367,355217.1845513287,101.71111218298522,195.50388732722024
2023-03-17,4,0,1.0,0.08219025043752239,908,493.8165575306272,448385.4342378095,107.24019229843499,259.48390463990006
2023-03-18,5,1,1.0,0.008704706823817123,1000,504.44267543267426,504442.67543267424,160.27200213139434,196.6423724798045
2023-03-19,6,1,1.0,-0.029900735046586746,947,490.4250275667305,464432.50110569375,131.9606460968034,245.83130837435817
2023-03-20,0,0,1.0,0.00917607765355023,800,525.1151225114704,420092.0980091763,101.28133062863537,187.89968405581587
2023-03-21,1,0,1.0,-0.1987568914600893,730,482.1078539556099,351938.7333875952,67.56497168608792,180.71465345907396
2023-03-22,2,0,1.0,-0.021967188783751194,747,496.2625671167728,370708.1376362293,111.63892731854348,194.5414299960941
2023-03-23,3,0,1.0,0.035711257151174645,753,491.2053788345165,369877.65026239096,139.64010904584634,177.24350673667487
2023-03-24,4,0,1.0,0.14778940447415162,914,528.9395576870746,483450.7557259862,167.46781844193507,209.97208446938862
2023-03-25,5,1,1.0,-0.05182702182736474,994,503.9310955302315,500907.5089570501,140.0129264190649,249.51842508949287
2023-03-26,6,1,1.0,-0.08084936028931877,941,520.6368907893727,489919.31423279975,129.81636902399129,204.55704714590308
2023-03-27,0,0,1.0,-0.05017570435845366,794,470.28879253926056,373409.30127617286,126.54413518647137,172.63564542995488
2023-03-28,1,0,1.0,0.09154021177020742,759,505.34100531738517,383553.82303589536,98.69450903312173,205.21932965291955
2023-03-29,2,0,1.0,0.03287511096596845,753,517.7926159124687,389897.83978208894,117.49498601128116,162.29874274576596
2023-03-30,3,0,1.0,-0.05297602037670388,744,501.6456797855085,373224.3857604183,122.99927454236418,200.8720950202936
2023-03-31,4,0,1.0,0.05132674331133561,905,521.309607501307,471785.19478868286,157.95749135230596,238.8093536009848
2023-04-01,5,1,1.0,0.009707754934804039,1000,489.65423099799256,489654.23099799256,147.99691847040094,198.2257981362821
2023-04-02,6,1,1.0,0.09686449905328892,959,528.1869488037116,506531.28390275943,139.94353747160577,220.25646495230322
2023-04-03,0,0,1.0,-0.07020530938773524,792,545.977962472385,432414.5462781289,104.89275582577608,226.37203941640556
2023-04-04,1,0,1.0,-0.032766214659776825,746,492.74322879120683,367586.4486782403,99.56294511772528,164.54151541309392
2023-04-05,2,0,1.0,-0.03921081531321577,746,491.08994957198456,366353.10238070047,108.5209349328292,176.1066326095159
2023-04-06,3,0,1.0,-0.14635149481321186,735,529.0676895423541,388864.7518136302,115.65027295019782,193.9384426962043
2023-04-07,4,0,1.0,0.029612027706457607,902,531.5914429146143,479495.4815089821,151.7810666572478,246.69854718118705
2023-04-08,5,1,1.0,0.026105527217988936,1002,489.54279945693463,490521.8850558485,134.2042938283659,242.93874108550247
2023-04-09,6,1,1.0,0.000511345664246089,950,491.5962636580829,467016.4504751787,170.8610828102309,220.47095945128822
2023-04-10,0,0,1.0,-0.023458713337514692,797,494.36430782278984,394008.3533347635,115.22828979938144,233.25886339321133
2023-04-11,1,0,1.0,-0.14153707420504144,735,473.1109897793145,347736.57748779614,109.93590077307799,222.09273758673663
2023-04-12,2,0,1.0,-0.04206453227653591,745,481.62696107031604,358812.08599738544,100.61654598069744,208.12747743497312
2023-04-13,3,0,1.0,-0.03427145165267695,746,479.91718466495865,358018.21976005915,75.7303353167277,188.40942003060522
2023-04-14,4,0,1.0,-0.0802277269221619,891,484.6440486979174,431817.8473898444,149.4036889631539,201.14505726053804
2023-04-15,5,1,1.0,-0.016128571166600915,998,499.3063022522644,498307.6896477599,164.40740418596496,224.63649446769645
2023-04-16,6,1,1.0,0.040405085681453845,954,504.6842946507304,481468.8170967968,137.73227021018448,253.45435369270598
2023-04-17,0,0,1.0,0.18861859012105303,818,531.0100098562815,434366.1880624383,123.7959681337989,214.76749234060833
2023-04-18,1,0,1.0,0.017457781283183895,751,480.03291918522416,360504.72230810334,120.39940704991557,219.32801629908306
2023-04-19,2,0,1.0,0.02575503907227644,752,519.6864479695316,390804.2088730878,89.29931031242639,202.67415408761528
2023-04-20,3,0,1.0,-0.007444591576616722,749,495.72022311548983,371294.4471135019,104.4247908933525,153.47578561945687
2023-04-21,4,0,1.0,-0.19187712152990416,880,499.0107258069513,439129.43871011713,145.97905836134416,247.77141710788504
2023-04-22,5,1,1.0,-0.002651387544921688,999,513.496389843332,512982.8934534887,124.78929732507838,219.83812299938705
2023-04-23,6,1,1.0,0.006023020994102644,950,477.545559568754,453668.2815903163,148.07760071116596,226.55681874935797
2023-04-24,0,0,1.0,0.24632421124852863,824,507.648194923681,418302.11261711316,101.24353185980628,212.18494909854186
2023-04-25,1,0,1.0,-0.019236096478112252,748,503.3290441642611,376490.1250348673,119.17779253720555,231.78277847075216
2023-04-26,2,0,1.0,0.03015473423336125,753,509.849025280163,383916.3160359627,112.41323927659988,258.50306018016107
2023-04-27,3,0,1.0,-0.0034711769705243313,749,505.78337287815634,378831.7462857391,88.15532539773547,200.88306713879004
2023-04-28,4,0,1.0,-0.11686780376195322,888,549.1060027982179,487606.1304848175,153.88577093515937,217.11964207728886
2023-04-29,5,1,1.0,0.11428228145150206,1011,487.24520031497366,492604.89751843835,136.79655831714345,268.9615563184151
2023-04-30,6,1,1.0,0.07519330326867742,957,489.38006089996367,468336.71828126523,128.04176835554475,264.73458727683783
2023-05-01,0,0,1.0,0.0791031947043047,807,487.5371894715047,393442.51190350426,124.28718684330742,193.9866367852604
2023-05-02,1,0,1.0,-0.09093874547947389,740,488.8904576167949,361778.9386364282,127.99983277154497,224.85369210125356
2023-05-03,2,0,1.0,0.14027943109360994,764,487.2522574538697,372260.72469475644,99.07824260601008,196.2732218006669
2023-05-04,3,0,1.0,-0.1401851062792281,735,523.780330622151,384978.543007281,111.15669379276518,194.72523511446525
2023-05-05,4,0,1.0,0.05868570938002703,905,528.4100849597971,478211.1268886164,143.51157865598336,244.32984344327863
2023-05-06,5,1,1.0,0.21904556258099786,1021,488.58507412501046,498845.3606816357,167.30321650031337,268.16319788312074
2023-05-07,6,1,1.0,-0.09905363251306884,940,483.3528885379154,454351.7152256405,144.31710123921184,258.6581221132431
2023-05-08,0,0,1.0,-0.05662977296027719,794,509.4283111277281,404486.07903541607,113.27159791535684,183.7970290964523
2023-05-09,1,0,1.0,0.009965136508764122,750,488.9555391143806,366716.6543357854,100.08614669026919,174.9382105362143
2023-05-10,2,0,1.0,-0.05034756541161992,744,512.6586363551102,381418.025448202,112.88182097973005,161.44455752007175
2023-05-11,3,0,1.0,-0.15506634310661327,734,504.05846041702597,369978.90994609706,94.36099930405129,193.17781709825738
2023-05-12,4,0,1.0,0.006856297480602733,900,469.68511770005534,422716.6059300498,82.41569129709707,246.03128559482707
2023-05-13,5,1,1.0,-0.10623037137261049,989,530.9501040266013,525109.6528823086,156.98515292623864,260.83212093872646
2023-05-14,6,1,1.0,0.04735924306351816,954,535.9175534619104,511265.34600266255,160.34707676792462,286.4239734424065
2023-05-15,0,0,1.0,-0.09194242342338033,790,487.74422619031225,385317.93869034667,81.16566751843895,197.3673743537516
2023-05-16,1,0,1.0,0.15499344050175395,765,492.2459688012803,376568.16613297944,99.30112021793795,206.59762099584816
2023-05-17,2,0,1.0,-0.07832532923362372,742,505.7173078144981,375242.2423983576,120.48824923331713,161.19873849713886
2023-05-18,3,0,1.0,-0.03220615162056756,746,506.6891357997405,377990.0953066064,142.59783240809855,177.8367086586229
2023-05-19,4,0,1.0,0.08135172173696698,908,513.1708854534567,465959.16399173863,136.5776137313854,245.9464485160918
2023-05-20,5,1,1.0,-0.12308643164339553,987,540.204090775327,533181.4375952478,133.67922194013687,271.8919134991045
2023-05-21,6,1,1.0,0.022745993460412943,952,496.46105545011903,472630.92478851334,139.31765176136383,229.60430397471094
2023-05-22,0,0,1.0,0.13071427542824282,813,484.0340551092309,393519.6868038047,144.30549057534947,201.50369424718176
2023-05-23,1,0,1.0,-0.16074832345612278,733,472.4136154397095,346279.18011730706,100.48016513403431,149.871956310489
2023-05-24,2,0,1.0,0.018463385853230423,751,485.3813992011616,364521.4308000724,100.64613606011318,179.7061321058271
2023-05-25,3,0,1.0,0.025988279424842355,752,499.33746054252407,375501.7703279781,105.53953742638224,208.0870441690064
2023-05-26,4,0,1.0,0.07818228717773104,907,535.8911572703557,486053.2796442126,118.75661904618696,242.40132848825968
2023-05-27,5,1,1.0,-0.1236950710878082,987,489.6477740192766,483282.352957026,150.47151203773726,261.57471201009764
2023-05-28,6,1,1.0,-0.13204566130842763,936,504.47575903277794,472189.3104546802,170.81398074255014,235.39764513604135
2023-05-29,0,0,1.0,0.05219415656168977,805,499.671542078545,402235.5913732287,125.95157629716807,201.42057528087048
2023-05-30,1,0,1.0,0.029698467323318607,752,523.7678654689616,393873.43483265914,109.00460332802064,173.10315509347902
2023-05-31,2,0,1.0,0.025049285034587657,752,550.5386485174724,414005.0636851393,108.41115851551021,203.7655691597692
2023-06-01,3,0,1.2,0.03464482094969757,793,489.3826245415936,388080.42126148375,94.15779377407101,208.2649463470236
2023-06-02,4,0,1.2,-0.06800247215784909,933,490.2112111496356,457367.06000261,156.428828441566,247.02160755531847
2023-06-03,5,1,1.2,0.023225369716100355,1042,520.8832175413814,542760.3126781195,154.6778728142532,244.05615081821145
2023-06-04,6,1,1.2,0.029307247329868127,992,513.6378297925262,509528.727154186,145.21927851436197,183.91651470463177
2023-06-05,0,0,1.2,-0.07143514180263678,832,536.9341465147206,446729.2099002476,177.93330992893848,235.38493168537227
2023-06-06,1,0,1.2,0.18657745111447566,808,511.6785637065193,413436.27947486757,126.02784699918948,190.3929800663563
2023-06-07,2,0,1.2,0.04738329209117875,794,492.8141581842588,391294.4415983015,107.16155812448848,177.94868130049286
2023-06-08,3,0,1.2,-0.11913034972026487,778,511.8130966138462,398190.58916557237,110.06587580304175,210.68579780407262
2023-06-09,4,0,1.2,0.06565536086338297,946,522.1740716116582,493976.67174462863,163.6285928180026,225.3746812790951
2023-06-10,5,1,1.2,-0.09746816702273214,1030,516.4096436239473,531901.9329326657,156.83337045707796,290.25203426704064
2023-06-11,6,1,1.2,0.07870846037424521,997,510.14548062214595,508615.04418027954,120.8707371123517,267.70464795183904
2023-06-12,0,0,1.2,0.11585955790074041,851,521.3334937917831,443654.8032168074,143.29527646646994,230.2015248213082
2023-06-13,1,0,1.2,-0.08206823183517105,781,523.3859118089134,408764.3971227614,106.71358938388092,163.2456576865715
2023-06-14,2,0,1.2,0.09633761292443219,799,527.6431798207506,421586.9006767797,149.78529846395637,228.80029732971204
2023-06-15,3,0,1.2,0.041278092693649834,794,512.9741977517929,407301.51301492355,136.25116328354864,204.72298765399046
2023-06-16,4,0,1.2,0.082206015999449,948,496.6576383936629,470831.4411971925,133.71877685831006,226.49775815983799
2023-06-17,5,1,1.2,0.18967929826539476,1058,502.9342737286665,532104.4616049292,185.806306214315,269.0511499534431
2023-06-18,6,1,1.2,-0.02453881160028705,987,524.1301793301672,517316.486998875,149.38946777781095,194.15567475388073
2023-06-19,0,0,1.2,-0.07537361643574897,832,483.66128658025525,402406.19043477235,138.99015395403373,218.19997417455755
2023-06-20,1,0,1.2,-0.08895144296255234,781,507.373466177458,396258.6770845947,124.7215266061397,171.13182556329406
2023-06-21,2,0,1.2,-0.08158102849654383,781,492.1332237534528,384356.04775144666,103.92990904904255,163.556935202686
2023-06-22,3,0,1.2,-0.007710170941410421,789,500.57489645869634,394953.5933059114,108.19478364603044,161.2157580622225
2023-06-23,4,0,1.2,0.03411519748166439,943,525.569037252146,495611.6021287737,160.8750610195807,267.227954128465
2023-06-24,5,1,1.2,0.027669079933001908,1042,503.82198136039807,524982.5045775347,149.3232820788997,240.82922631316342
2023-06-25,6,1,1.2,0.08271832490360238,998,500.928730963123,499926.87350119674,141.64317667368974,295.4198076349
2023-06-26,0,0,1.2,0.001300189187790702,840,472.8028771804016,397154.4168315373,109.95394066693086,196.4978031310821
2023-06-27,1,0,1.2,0.1453534077157317,804,514.9250713205444,413999.75734171766,127.41147297474285,159.81852606285813
2023-06-28,2,0,1.2,-0.02646568332379561,787,512.9096836228215,403659.92101116054,150.51414222888712,170.38885797281216
2023-06-29,3,0,1.2,0.2720169166589619,817,543.2650944661092,443847.5821788112,105.10651218108518,234.53974280637004
2023-06-30,4,0,1.2,0.06256673477650063,946,493.84443530094,467176.83579468925,142.35823212024857,232.07560971015738
2023-07-01,5,1,1.2,-0.08571575564162826,1031,504.3830065532788,520018.87975643046,183.76998785266613,240.79147391954572
2023-07-02,6,1,1.2,-0.10708924980611123,979,504.9876736742151,494382.9325270566,145.2906215594089,249.44973529329636
2023-07-03,0,0,1.2,0.04824724152431853,844,531.5490655952694,448627.4113624074,134.2360359206955,223.70513887976222
2023-07-04,1,0,1.2,-0.02234627853258509,787,498.09408935226094,392000.04832022934,101.32792586696812,223.1317860434571
2023-07-05,2,0,1.2,0.0714000494092092,797,505.58043051540676,402947.6031207792,126.37721512948991,233.88361658673986
2023-07-06,3,0,1.2,0.047323762457354486,794,512.1579301943308,406653.3965742986,116.12814907172776,189.930310857304
2023-07-07,4,0,1.2,-0.007282891265687277,939,503.7321824631272,473004.5193328764,159.36200931886782,197.395236683069
2023-07-08,5,1,1.2,-0.0846793718068405,1031,491.07132770898943,506294.5388679681,179.13390038326517,244.9615225664571
2023-07-09,6,1,1.2,-0.15148472246858646,974,503.88179985796614,490780.87306165905,196.54469974652258,251.10539640235194
2023-07-10,0,0,1.2,-0.04465149520670211,835,521.4726349971954,435429.6502226582,134.9298739926667,184.6078388984242
2023-07-11,1,0,1.2,0.08563987943234724,798,479.4696940117788,382616.8158213995,124.89970921265137,176.58580709741267
2023-07-12,2,0,1.2,0.021409374413020398,792,502.6593934829375,398106.2396384865,121.879047336985,206.1684000656253
2023-07-13,3,0,1.2,-0.12457387787119881,777,485.9975837012165,377620.1225358452,111.06179580972189,193.11591368489277
2023-07-14,4,0,1.2,0.0173180925851182,941,523.9009325784968,492990.77755636553,147.52026593394902,236.17585918046908
2023-07-15,5,1,1.2,0.03853173797288368,1043,469.53626190432453,489726.3211662105,150.28792658449984,237.01668097723484
2023-07-16,6,1,1.2,-0.08838574362011331,981,488.82156305456823,479533.95335653145,150.45520435440983,238.46930698092424
2023-07-17,0,0,1.2,0.015372510594552791,841,507.5442375012904,426844.70373858523,148.31199054892588,186.9315977701107
2023-07-18,1,0,1.2,0.00582087184459999,790,531.3104805846868,419735.27966190263,102.59662746858166,218.59770234365746
2023-07-19,2,0,1.2,-0.11429702978306232,778,498.6849947785403,387976.92593770433,134.43651041116794,218.6627194724524
2023-07-20,3,0,1.2,0.03577873603482833,793,488.89600946613604,387694.53550664586,139.83944496801024,154.32919075735575
2023-07-21,4,0,1.2,0.05607845263682344,945,537.6231413888117,508053.8686124271,139.5185048398686,209.8983671135452
2023-07-22,5,1,1.2,0.1083051243175277,1050,471.0397219916751,494591.7080912588,112.9410471208195,215.35932846466252
2023-07-23,6,1,1.2,0.1053802052034903,1000,456.02388086759834,456023.88086759835,137.84356025811135,230.49928196779308
2023-07-24,0,0,1.2,-0.13776693679570912,826,508.80028900106663,420269.03871488106,145.3263499091895,204.43240710859484
2023-07-25,1,0,1.2,-0.09378250399151228,780,489.9589155129478,382167.9541000993,116.64325822813743,161.0783018590544
2023-07-26,2,0,1.2,0.05150352672086598,795,479.57534365738576,381262.39820762165,103.36109450651092,176.7636434569613
2023-07-27,3,0,1.2,0.051378595091220884,795,514.1671289459871,408762.86751205975,111.22407875247134,174.80561667585624
2023-07-28,4,0,1.2,0.0515047686306048,945,504.876014275424,477107.83349027566,157.63771850093605,242.12602878846005
2023-07-29,5,1,1.2,0.38527314906547216,1078,488.71842738526544,526838.4647213161,173.48757573042175,271.7425958597523
2023-07-30,6,1,1.2,0.0570890510693167,995,474.3939120265821,472021.94246644917,144.49525122652307,227.206134032883
2023-07-31,0,0,1.2,0.1135565640180599,851,517.4491465656029,440349.223727328,121.406648510914,217.26423686571883
2023-08-01,1,0,1.2,0.09540017634932024,799,513.0040235591732,409890.2148237794,113.58970477827972,186.64607837244324
2023-08-02,2,0,1.2,0.0651391251305798,796,498.01648272441236,396421.1202486322,104.71522986278383,192.51287596541385
2023-08-03,3,0,1.2,-0.031526924464034566,786,536.9327399209533,422029.1335778693,143.29370583845963,235.9600002892395
2023-08-04,4,0,1.2,0.07589692204932674,947,478.59830467347695,453232.5945257827,135.94525031313722,274.8324984813638
2023-08-05,5,1,1.2,-0.07728252145375719,1032,469.48949658150525,484513.1604721134,179.92215186983825,217.76496490472158
2023-08-06,6,1,1.2,-0.02368186067400089,987,486.1618386023751,479841.7347005442,178.0807788649492,271.31837689340233
2023-08-07,0,0,1.2,-0.04853635478291035,835,499.08827967289005,416738.7135268632,141.92179199907093,229.0754836900144
2023-08-08,1,0,1.2,0.008187413938632256,790,504.86678898645386,398844.76329929853,111.68039905905484,170.28616005656295
2023-08-09,2,0,1.2,0.23146585666735087,813,495.1752788428734,402577.50169925607,128.51465126887328,223.21998673118105
2023-08-10,3,0,1.2,-0.18672651925917483,771,507.04110793028593,390928.6942142504,115.27690374945207,228.32236527288237
2023-08-11,4,0,1.2,0.06862601903745134,946,474.96921151619114,449320.8740943168,124.80196079498596,204.64217839878353
2023-08-12,5,1,1.2,-0.16127158711896517,1023,528.8752920814652,541039.4237993389,160.086390904024,227.59183842307226
2023-08-13,6,1,1.2,-0.04719318657894335,985,498.3569764321486,490881.6217856664,124.52291611415188,276.32189634522547
2023-08-14,0,0,1.2,0.10889505969673662,850,522.3459166317625,443994.0291369981,147.6905496038466,219.42313042605403
2023-08-15,1,0,1.2,0.006428001909546278,790,506.8545069275541,400415.06047276774,111.15904670268539,210.5699877231767
2023-08-16,2,0,1.2,-0.10777447779293062,779,509.1350643830757,396616.215154416,119.98406743849883,202.7095699872796
2023-08-17,3,0,1.2,-0.07153037092599683,782,511.3953456046441,399911.16026283166,121.73062231098166,204.66572630497427
2023-08-18,4,0,1.2,0.06795977489346759,946,508.9541712003463,481470.6459555276,137.00151789751885,198.85472099853146
2023-08-19,5,1,1.2,-0.07303666317171367,1032,512.8544551973508,529265.797763666,166.90936006244965,290.42495619700003
2023-08-20,6,1,1.2,0.021645858958197487,992,526.5830506026487,522370.38619782747,139.3779114526091,282.8069981746506
2023-08-21,0,0,1.2,0.004557183990381379,840,503.9304233940294,423301.5556509847,140.6377945972817,204.2193532494857
2023-08-22,1,0,1.2,-0.06516003476058171,783,514.1800751517702,402602.9988438361,96.37195820733592,194.72872644887238
2023-08-23,2,0,1.2,0.2143944089325326,811,498.20528611425544,404044.48703866114,123.6998767802428,165.4981544628193
2023-08-24,3,0,1.2,0.06339190223180112,796,528.8023443089894,420926.66606995557,150.2677496650079,211.28040357370588
2023-08-25,4,0,1.2,-0.20251425866576073,919,486.4721539588146,447067.9094881506,119.46391025374953,245.52162366805896
2023-08-26,5,1,1.2,0.018645431476942764,1041,536.0188086582164,557995.5798132032,142.03934971367258,258.3077745391115
2023-08-27,6,1,1.2,-0.0661786464768388,983,499.19684098711315,490710.4946903322,157.55342832429426,278.90718058258113
2023-08-28,0,0,1.2,0.0852433334796224,848,471.38449795763904,399734.0542680779,130.24570702169555,203.50107524387033
2023-08-29,1,0,1.2,-0.07925207384327007,782,502.56208829821577,393003.55304920475,122.78385475263846,208.74565502146385
2023-08-30,2,0,1.2,-0.011473644146689901,788,486.37896685050237,383266.62587819586,125.90958917112718,172.89513503331838
2023-08-31,3,0,1.2,0.050498727898045714,795,516.8128709797745,410866.23242892075,129.34207135013216,198.18828120164943
2023-09-01,4,0,1.0,0.08657551941701215,908,486.9475204139522,442148.3485358686,156.352149129925,222.25059001472675
2023-09-02,5,1,1.0,-0.12002964070557763,987,491.0763313357044,484692.33902834024,156.13982028776883,253.4213675716323
2023-09-03,6,1,1.0,-0.03345012358409484,946,462.20918538108936,437249.88937051053,137.33540517461716,226.01282575970927
2023-09-04,0,0,1.0,-0.04749453111609562,795,490.95387361501844,390308.32952393964,129.94392184912343,195.61437859323073
2023-09-05,1,0,1.0,-0.0653329232573712,743,451.52241346742085,335481.1532062937,139.6822455525429,204.16259145143115
2023-09-06,2,0,1.0,0.1765454240281097,767,468.3219435302855,359202.930687729,113.01539833049131,181.7000549011486
2023-09-07,3,0,1.0,0.040498171096095555,754,515.208293122886,388467.053014656,98.40409808556672,152.1592259812911
2023-09-08,4,0,1.0,-0.12608839543350453,887,515.7160031730166,457440.09481446573,152.68961107315087,268.3064276909062
2023-09-09,5,1,1.0,0.09178619470547761,1009,508.5091512356993,513085.73359682056,148.9207081114164,294.066614961961
2023-09-10,6,1,1.0,0.21221561970126335,971,480.66047713741574,466721.32330043067,103.45675741640741,205.10638769157333
2023-09-11,0,0,1.0,0.1032465260551147,810,499.0457728771604,404227.07603049994,135.22823116983682,219.25989966745823
2023-09-12,1,0,1.0,-0.15193699659540136,734,499.92794921818864,366947.11472615047,102.24138223019641,172.42449555245943
2023-09-13,2,0,1.0,-0.04842340728662514,745,476.8327062161491,355240.36613103107,110.40105409366801,192.1389392626492
2023-09-14,3,0,1.0,0.12669111491866228,762,530.067966035343,403911.7901189314,119.35938023787179,197.22596358924844
2023-09-15,4,0,1.0,-0.07076694656187808,892,517.5472458115134,461652.14326387,137.19851428725852,216.72724726353522
2023-09-16,5,1,1.0,0.04438194281462285,1004,495.58071652340675,497563.0393895004,164.84579248815191,227.39297815253775
2023-09-17,6,1,1.0,0.07746340534293368,957,500.5377167798906,479014.5949583553,135.2147908672932,219.4245663880002
2023-09-18,0,0,1.0,-0.0926930471578083,790,504.16765615895105,398292.4483655713,126.60707161118209,175.78625160309457
2023-09-19,1,0,1.0,-0.005952535606180008,749,459.1653026315142,343914.8116710041,108.4619907697929,168.5589549810619
2023-09-20,2,0,1.0,-0.3241267340069073,717,495.0564523495881,354955.47633465467,118.14454229592678,177.80499498103836
2023-09-21,3,0,1.0,-0.10243876413342899,739,486.36031504004404,359420.2728145925,119.94513141371293,168.88160104141463
2023-09-22,4,0,1.0,-0.025256815139316033,897,479.9675998021017,430530.9370224852,117.76822968531995,242.60402108832662
2023-09-23,5,1,1.0,-0.12477831819648495,987,494.3779941422809,487951.08021843125,169.48728697329514,290.7873586594968
2023-09-24,6,1,1.0,0.16324113039316354,966,535.9537305369904,517731.30369873275,134.5451862403966,224.69005706509614
2023-09-25,0,0,1.0,-0.14301413779606328,785,512.8168572253402,402561.232921892,130.43650743301396,201.88797598760812
2023-09-26,1,0,1.0,-0.04400444866969838,745,488.57642020434406,363989.43305223633,117.22258096967997,197.41796221527056
2023-09-27,2,0,1.0,0.013074057728609135,751,511.45165562712316,384100.1933759695,140.25951882546275,198.38421116381127
2023-09-28,3,0,1.0,0.14412732890661156,764,527.98710873172,403382.1510710341,111.18543978935809,192.74089474063672
2023-09-29,4,0,1.0,-0.14358621511794395,885,518.4926736582554,458866.01618755603,126.5670927087079,240.96821820745063
2023-09-30,5,1,1.0,0.11631637521549597,1011,501.1926073984035,506705.7260797859,151.25733556895003,267.37661073480433
2023-10-01,6,1,1.0,0.001023306101958705,950,487.0612644458885,462708.2012235941,136.73958412614874,202.22662096367202
2023-10-02,0,0,1.0,-0.0981508651047951,790,513.9644662722718,406031.92835509474,131.13908205068438,218.09899872602574
2023-10-03,1,0,1.0,0.04621034742632708,754,507.869707708435,382933.75961216,88.72603602477625,208.57051873897373
2023-10-04,2,0,1.0,0.019905969557347004,751,517.9038644005547,388945.80216481653,96.82369006442175,170.55316407285656
2023-10-05,3,0,1.0,-0.06002168771587947,743,512.7034360336394,380938.6529729941,95.58244858533318,186.59563435212706
2023-10-06,4,0,1.0,0.006980208499001892,900,520.9910543063867,468891.948875748,152.10553665552436,243.44988280589888
2023-10-07,5,1,1.0,-0.03853135968617602,996,489.29529576878866,487338.1145857135,183.47541838183193,242.7457030709687
2023-10-08,6,1,1.0,0.011351734525124805,951,526.3478813126865,500556.83512836485,140.6633758634173,268.3620637027643
2023-10-09,0,0,1.0,0.06621306745210467,806,503.951992093848,406185.3056276415,118.17859382217704,258.65843691989613
2023-10-10,1,0,1.0,0.15860168161453522,765,541.5052174525053,414251.49135116657,115.82179809563166,173.21162055102715
2023-10-11,2,0,1.0,-0.12378154988268492,737,486.21624363820865,358341.3715613598,127.67608618044473,153.71510382427005
2023-10-12,3,0,1.0,0.21330333746562669,771,534.719276063305,412268.5618448081,101.35021467078134,199.77732411634076
2023-10-13,4,0,1.0,-0.1952087799522502,880,503.958215669253,443483.2297889426,136.19529409613222,239.0492501353302
2023-10-14,5,1,1.0,-0.015178509503558334,998,486.971639927711,485997.69664785557,169.1649446904573,242.58786076708762
2023-10-15,6,1,1.0,0.05883172064845765,955,490.32228331891355,468257.78056956246,152.82089864585103,280.38591800414764
2023-10-16,0,0,1.0,0.028099186773503267,802,493.5930538361136,395861.6291765631,123.34088913024385,168.29314445865865
2023-10-17,1,0,1.0,-0.06226995198205938,743,508.48331892803833,377803.10596353246,126.32554493554771,201.19515610737463
2023-10-18,2,0,1.0,-0.020812225035727522,747,510.45670976071,381311.16219125036,71.66370954259139,173.1726590067932
2023-10-19,3,0,1.0,-0.049300093465883287,745,488.52599992122845,363951.8699413152,121.85034226101051,224.67809620373308
2023-10-20,4,0,1.0,-0.058936475694421155,894,499.51290815478035,446564.53989037365,122.40512678568166,276.939261771969
2023-10-21,5,1,1.0,0.08496020970210247,1008,542.8454071722373,547188.1704296152,114.29444079937382,228.81630478543156
2023-10-22,6,1,1.0,0.035701548596504734,953,534.5508634020142,509426.97282211954,152.69352154694613,222.5381614843737
2023-10-23,0,0,1.0,-0.06929095952606543,793,508.72647339348066,403420.0934010302,140.7362245262845,218.69959583124947
2023-10-24,1,0,1.0,0.08995998754332507,758,500.760069563364,379576.1327290299,111.6162805182442,180.69664902378645
2023-10-25,2,0,1.0,0.030729952087660935,753,502.40062653436524,378307.67178037704,127.30029068087626,187.22416058691076
2023-10-26,3,0,1.0,0.08128621188389601,758,512.2703594546083,388300.9324665931,138.14213839110786,190.07733268313441
2023-10-27,4,0,1.0,0.06296288419236122,906,479.54414869603187,434466.99871860485,159.72624989894294,174.3232836145477
2023-10-28,5,1,1.0,-0.08289950109220723,991,494.8524692515331,490398.79702826927,181.15409697214102,247.33860380861833
2023-10-29,6,1,1.0,-0.05601810401969696,944,466.62831852244824,440497.1326851911,155.6113670314373,216.4669094385026
2023-10-30,0,0,1.0,0.07472936051232619,807,507.98446245210556,409943.4611988492,122.2674989318717,189.81149646970152
2023-10-31,1,0,1.0,0.06103702654334649,756,512.9439187940549,387785.60260830546,89.17827692411481,221.7415738386727
2023-11-01,2,0,1.0,-0.002090159396414813,749,490.3362707540125,367261.8667947554,108.66398392781336,159.0162900855451
2023-11-02,3,0,1.0,0.0117327383308782,751,531.4797352658006,399141.28118461627,99.98443613835079,206.0715128574319
2023-11-03,4,0,1.0,0.12776648957884248,912,475.4846867399532,433642.0343068373,176.3979951671601,220.36757422612172
2023-11-04,5,1,1.0,-0.059157138883582996,994,470.7125023958036,467888.22738142876,145.60339004884514,240.15755177545424
2023-11-05,6,1,1.0,0.054709738117003796,955,504.48903637119946,481787.0297344955,145.60321180958366,261.39415482188156
2023-11-06,0,0,1.0,-0.020219265243389406,797,520.9419660522431,415190.7469436377,128.34067689408505,207.38062645314216
2023-11-07,1,0,1.0,-0.02176812032272203,747,533.6785538291574,398657.87971038057,112.70142054880445,199.53743726768968
2023-11-08,2,0,1.0,0.10987768519871902,760,490.8223147426212,373024.9592043921,139.76477581454745,212.07461026014923
2023-11-09,3,0,1.0,0.08254163489880299,758,521.573616668626,395352.8014348185,104.2606356761057,181.96604736641123
2023-11-10,4,0,1.0,0.08135096360006386,908,499.22983060998587,453300.6861938672,139.73407138710834,210.32267135200888
2023-11-11,5,1,1.0,0.1305478807154329,1013,496.5474540011836,503002.57090319897,136.90754593375755,220.27227549790854
2023-11-12,6,1,1.0,0.002100384163275905,950,517.6731987497335,491789.5388122468,117.41957228680658,213.97579989559978
2023-11-13,0,0,1.0,0.06819529712949639,806,513.0464575682684,413515.44480002427,111.0382822546068,272.809103203965
2023-11-14,1,0,1.0,-0.031026675659345606,746,468.472156860315,349480.229017795,111.3474109880377,214.3559290168893
2023-11-15,2,0,1.0,0.032416635248844215,753,529.5308069945179,398736.69766687194,106.48470849877006,157.7292300673608
2023-11-16,3,0,1.0,-0.013014305436768459,748,527.6018270829491,394646.1666580459,101.84138214108711,157.32404345067428
2023-11-17,4,0,1.0,0.00969959649927182,900,487.48874596980943,438739.8713728285,109.68628565390698,238.01038366639926
2023-11-18,5,1,1.0,0.059515702543691366,1005,507.9160706687482,510455.651022092,149.07957799016324,267.7500336409457
2023-11-19,6,1,1.0,-0.08182206832334726,941,509.8806037256548,479797.6481058412,112.83116256073653,250.74499067100916
2023-11-20,0,0,1.0,0.20923872756854603,820,505.21347531647814,414275.04975951207,135.46491780450947,198.72808747857903
2023-11-21,1,0,1.0,-0.1006017381499702,739,488.9938969230916,361366.4898261647,112.06845954837195,181.9686790557357
2023-11-22,2,0,1.0,-0.12141886127877322,737,486.567532641239,358600.2715565931,89.06569089788692,191.4994162791634
2023-11-23,3,0,1.0,0.11581108735000678,761,499.4889185801711,380111.06703951024,109.44383784730108,192.21093733367672
2023-11-24,4,0,1.0,0.07916626939629359,907,523.4545803851873,474773.30440936494,122.40588280258682,166.36283685753958
2023-11-25,5,1,1.0,0.062411981705215516,1006,510.87200309188864,513937.23511044,157.3217911496339,244.56464714924064
2023-11-26,6,1,1.0,0.06283455092642799,956,492.5877133582779,470913.8539705137,169.02941252796253,214.5816634654142
2023-11-27,0,0,1.0,-0.0012246772846914624,799,515.4339742129669,411831.7453961605,89.884743935061,203.94981771123705
2023-11-28,1,0,1.0,-0.08972543714858316,741,443.0291475873985,328284.5983622623,112.85468649296473,251.6123076278738
2023-11-29,2,0,1.0,0.007580455819372634,750,522.9753140074421,392231.48550558154,110.09800806650038,195.76833747317184
2023-11-30,3,0,1.0,-0.06771617115121117,743,465.205724424438,345647.8532473575,121.42611353605392,178.76142329521724
2023-12-01,4,0,1.2,0.09751197334177512,949,492.75118117193733,467620.8709321685,146.39647200395132,263.4936887612924
2023-12-02,5,1,1.2,-0.014705738150213865,1038,477.6066021074771,495755.65298756125,140.0891166731021,274.5309008076949
2023-12-03,6,1,1.2,-0.08254971967925116,981,474.10637048558186,465098.34944635583,140.89016178222096,257.6133808539977
2023-12-04,0,0,1.2,-0.03213858416529935,836,523.2165357475703,437409.0238849688,112.09044767424565,224.21981287784902
2023-12-05,1,0,1.2,0.04129314542756243,794,490.6459759737622,389572.9049231672,136.18699336094573,247.48686771423968
2023-12-06,2,0,1.2,-0.05637245528039747,784,506.9300776346143,397433.1808655376,117.93416665117606,169.40150400113447
2023-12-07,3,0,1.2,-0.08222203955664315,781,499.0615884224163,389767.10055790714,146.84659851146196,206.3471995596924
2023-12-08,4,0,1.2,0.02436872114919123,942,509.5408165444624,479987.4491848836,140.15715026773253,209.32046926672172
2023-12-09,5,1,1.2,0.024496657110872278,1042,501.5364378212051,522600.9682096957,141.53680297758595,277.8653253246587
2023-12-10,6,1,1.2,-0.05069431753711298,984,474.3401555162286,466750.71302796894,117.81010075337956,218.8803741809305
2023-12-11,0,0,1.2,-0.04710383056183228,835,519.9253363889428,434137.65588476724,95.13756740652572,198.29496131919262
2023-12-12,1,0,1.2,0.02320499373576363,792,490.1248683367738,388178.89572272485,93.70728666279304,190.98866363770736
2023-12-13,2,0,1.2,-0.1448084341497324,775,468.86836202680496,363372.9805707738,120.39046309067798,216.4377387247645
2023-12-14,3,0,1.2,-0.14074637743765553,775,491.43769678068173,380864.21500502835,124.13523786006397,215.10406582166112
2023-12-15,4,0,1.2,-0.0718444221252436,932,530.0151958126862,493974.16249742353,110.32660531412103,198.1697421545591
2023-12-16,5,1,1.2,-0.021344715171184726,1037,517.0044348422698,536133.5989314337,174.11309463393863,260.9590001932053
2023-12-17,6,1,1.2,0.03109075655980046,993,493.0269573118428,489575.7686106599,139.3564075135669,227.11161612702216
2023-12-18,0,0,1.2,0.1475356216949552,854,493.0148459136314,421034.6784102412,130.60722464471317,181.25710418849795
2023-12-19,1,0,1.2,0.08576596232020195,798,493.56729897565236,393866.7045825706,145.43104122695658,194.3046118128406
2023-12-20,2,0,1.2,-0.015993852996342713,788,541.5349596712168,426729.54822091886,132.33418761804077,189.7074668809044
2023-12-21,3,0,1.2,-0.001901620790268883,789,507.63870904463107,400526.9414362139,114.11258637604597,254.69037923179852
2023-12-22,4,0,1.2,-0.10025293646378089,929,508.6008329438214,472490.1738048101,122.79164845178397,244.3165903328026
2023-12-23,5,1,1.2,-0.0018513135992389931,1039,520.6056690806369,540909.2901747817,111.13527596037704,216.8096625014904
2023-12-24,6,1,1.2,-0.028865863892013833,987,504.77578318053025,498213.6979991834,133.85391347815462,230.0270417364984
2023-12-25,0,0,1.2,0.03227185603380895,843,494.81915708358594,417132.5494214629,122.89034417336507,236.58078354140952
2023-12-26,1,0,1.2,-0.0827230943552323,781,496.0730030183004,387433.0153572926,101.73025578589849,244.18221416834234
2023-12-27,2,0,1.2,0.05193465142411723,795,498.5679748117187,396361.5399753164,117.16301422323234,160.9242980031247
2023-12-28,3,0,1.2,0.1532738913002578,805,499.25555526980315,401900.7219921915,121.98731531563617,155.84982609889207
2023-12-29,4,0,1.2,-0.01087601484568576,938,514.5525908727396,482650.3302386298,136.48170178128046,287.14896003496193
2023-12-30,5,1,1.2,0.04017117220989415,1044,501.038917716146,523084.63009565644,143.02794611240617,273.20271603525674
2023-12-31,6,1,1.2,0.06901439917111125,996,514.6528015443116,512594.19033813436,152.75960106557721,223.05541317153418
2024-01-01,0,0,0.9,-0.04012204718858363,775,498.38566839782834,386248.893008317,123.10008006832585,206.1801262523466
2024-01-02,1,0,0.9,0.022409248181041678,732,501.5727038063218,367151.21918622754,93.83655750623674,125.11897965118936
2024-01-03,2,0,0.9,0.0012592400781794861,730,460.03598630935784,335826.2700058312,130.09961274429554,182.5739235944778
2024-01-04,3,0,0.9,0.009767609854883173,730,518.3265534940497,378378.3840506563,108.06061326864977,189.67928368526356
2024-01-05,4,0,0.9,-0.07730097838554666,872,506.92976951795987,442042.759019661,131.12873742415812,242.17890685030966
2024-01-06,5,1,0.9,0.0024510174258942715,980,519.9602021971931,509560.9981532492,160.88100269582853,215.1914590025994
2024-01-07,6,1,0.9,0.049799829124544975,934,442.0748924361262,412897.9495353419,144.4564773320022,235.9009542625221
2024-01-08,0,0,0.9,0.14511436077950418,794,541.7674940956146,430163.39031191793,134.23580974654232,176.45638540726063
2024-01-09,1,0,0.9,0.09592708260852069,739,497.20820743689654,367436.86529586656,115.09369516168296,190.41185786329962
2024-01-10,2,0,0.9,0.21531824575115566,751,522.1636563347504,392144.90590739757,103.4511906329006,167.57784735716106
2024-01-11,3,0,0.9,-0.07673475628880495,722,479.2018814574894,345983.7584123073,113.5201109039761,171.66053582378962
2024-01-12,4,0,0.9,0.08723206367206782,888,512.2554781012514,454882.8645539112,112.88742255798503,195.4714778827883
2024-01-13,5,1,0.9,0.018334200573835176,981,478.9316887365269,469831.98665053287,149.2799414273354,264.4129395968703
2024-01-14,6,1,0.9,0.21898029332176724,951,487.5246207860839,463635.9143675658,142.01796557794236,262.24161035821464
2024-01-15,0,0,0.9,-0.08082982853551515,771,538.2806270773357,415014.3634766258,112.44083806085743,187.32322621688502
2024-01-16,1,0,0.9,-0.08397218421807762,721,496.18635198473305,357750.35978099256,106.29648908505061,181.0770878309854
2024-01-17,2,0,0.9,-0.05993926454440222,724,504.34865746359446,365148.4280036424,81.35082582119418,149.53659447415941
2024-01-18,3,0,0.9,-0.2123895724309807,708,517.4013546137751,366320.15906655276,98.43005530638797,170.63486799633586
2024-01-19,4,0,0.9,-0.052575502168076105,874,509.9136377594521,445664.5194017611,132.7229288719467,217.18363494116545
2024-01-20,5,1,0.9,-0.07591326615536981,972,503.0083781028715,488924.1435159911,148.90760826042944,319.4223265344341
2024-01-21,6,1,0.9,0.015039378647620763,931,507.2992200493245,472295.5738659211,120.51468887595864,201.6927609701276
2024-01-22,0,0,0.9,0.034175597577715947,783,548.0683117047655,429137.4880648314,137.27098478794122,230.14352333829476
2024-01-23,1,0,0.9,0.18761708392158863,748,498.84762405932827,373138.02279637754,99.24202427071107,209.36951087657275
2024-01-24,2,0,0.9,0.09504238381860503,739,504.02198093429934,372472.2439104472,125.17857742378517,190.97170908754632
2024-01-25,3,0,0.9,-0.05769036556624031,724,521.0130879201522,377213.4756541902,114.78577435990198,219.1972369167183
2024-01-26,4,0,0.9,-0.0898414671348358,871,522.1105186591597,454758.2617521281,119.39272026252095,227.47311599921733
2024-01-27,5,1,0.9,0.04919191715065058,984,523.7406061112076,515360.7564134283,182.53811836655518,257.4879794561172
2024-01-28,6,1,0.9,-0.1320233207020642,916,512.7746044405837,469701.5376675747,115.53257324222129,227.54024445507784
2024-01-29,0,0,0.9,0.18314587658543538,798,477.1399017453903,380757.64159282146,134.3697006108156,228.79223904510195
2024-01-30,1,0,0.9,0.1179440120721287,741,532.6686306460219,394707.45530870225,125.97862995339693,209.62451106761594
2024-01-31,2,0,0.9,-0.04691756521047048,725,477.0730921396262,345877.991801229,99.02600696838866,167.6415189969574
2024-02-01,3,0,0.9,-0.17131345290908775,712,506.05270930478065,360309.52902500384,126.62870587291603,149.8208799233703
2024-02-02,4,0,0.9,0.1353872374165413,893,484.91448299961286,433028.63331865426,129.4841692492627,217.81214872417033
2024-02-03,5,1,0.9,-0.01145398452526179,978,498.71723306814016,487745.4539406411,152.346847388714,221.02686852057306
2024-02-04,6,1,0.9,0.12378163119734618,942,506.5752482060696,477193.88381011755,146.2044634424498,233.70479552137007
2024-02-05,0,0,0.9,-0.15944276587943673,764,506.4271443090055,386910.3382520802,112.54776243033004,219.3620820469605
2024-02-06,1,0,0.9,-0.05993750229537729,724,508.4384150847057,368109.4125213269,120.34050379535365,171.06740805151492
2024-02-07,2,0,0.9,0.0005243699718183166,730,532.274225381173,388560.1845282563,121.0849353200623,181.5621679492765
2024-02-08,3,0,0.9,0.004698059376474206,730,509.0706860302796,371621.6008021041,83.97143319072256,183.77069789230387
2024-02-09,4,0,0.9,-0.04500654714792437,875,495.11686729418705,433227.2588824137,154.07595425036766,241.02131065788873
2024-02-10,5,1,0.9,0.062284993234749876,986,519.2817433657672,512011.7989586464,115.11565799593649,180.03701350073538
2024-02-11,6,1,0.9,-0.10676204293825944,919,523.7894097784928,481362.46758643485,156.82819923579964,213.0232728733208
2024-02-12,0,0,0.9,-0.01423794850212935,778,475.44784369726017,369898.4223964684,134.2315319290372,199.43136137780292
2024-02-13,1,0,0.9,0.012029563171189887,731,511.94800139699714,374233.98902120494,93.70007079025379,209.06773151444105
2024-02-14,2,0,0.9,0.051443883405874906,735,514.023454846218,377807.23931197025,104.2110299670676,172.9035510324882
2024-02-15,3,0,0.9,0.07116148780888898,737,494.04872993280014,364113.9139604737,94.2519131865173,142.75941966941417
2024-02-16,4,0,0.9,-0.11246420918378693,868,527.5141362662324,457882.27027908975,126.46897091418755,233.1372860529582
2024-02-17,5,1,0.9,-0.15341141707356223,964,496.9988882593495,479106.92828201293,138.6610990008989,222.6253197151628
2024-02-18,6,1,0.9,0.1277676821898509,942,502.5115290694308,473365.86038340384,155.98880442795436,201.8800202141064
2024-02-19,0,0,0.9,0.033231401197959164,783,496.5385635143226,388789.69523171464,137.96943496423305,181.08412679563637
2024-02-20,1,0,0.9,-0.07484865365565536,722,500.31158095162937,361224.9614470764,128.45367422780697,176.5031807531743
2024-02-21,2,0,0.9,0.1551151975522523,745,478.074498262096,356165.5012052615,103.37369640398329,172.73395674757094
2024-02-22,3,0,0.9,0.011567463429285867,731,471.1989823481141,344446.4560964714,106.59117620585499,134.38193636781742
2024-02-23,4,0,0.9,0.11792971840638265,891,531.8901012644994,473914.080226669,103.65113141462267,246.72857944279306
2024-02-24,5,1,0.9,0.006751848141010895,980,483.06077303363344,473399.5575729608,131.20494669667468,282.48132621359446
2024-02-25,6,1,0.9,0.2060747924881987,950,480.17215301087384,456163.54536033014,160.8321810288517,256.0683767531759
2024-02-26,0,0,0.9,0.17553408424432046,797,456.9321977279257,364174.96158915677,145.30239020735883,172.04793562014262
2024-02-27,1,0,0.9,-0.02489641484790735,727,487.22076504621,354209.49618859467,91.10256740286594,177.35546964460465
2024-02-28,2,0,0.9,0.09715709509543555,739,473.53820413185,349944.7328534372,102.09337824972022,184.60542244136292
2024-02-29,3,0,0.9,0.06453759495851476,736,532.8403032027273,392170.4631572073,110.01130725756458,197.221380121527
2024-03-01,4,0,1.0,0.13686315575323488,913,520.1963417868527,474939.2600513965,142.06574276004602,246.55584598598824
2024-03-02,5,1,1.0,-0.09649234605801045,990,486.23699309644553,481374.6231654811,132.4698503055514,225.69503817627867
2024-03-03,6,1,1.0,0.06860514599984394,956,545.0487161068862,521066.57259818324,151.5080471701534,241.35163255794092
2024-03-04,0,0,1.0,0.10584244868495879,810,519.6353097398319,420904.60088926385,113.82380257745116,213.61191383215038
2024-03-05,1,0,1.0,-0.17587394864231143,732,493.5033723298275,361244.4685454338,109.58841875434199,214.96985819434298
2024-03-06,2,0,1.0,-0.11832585126657752,738,450.01188570252856,332108.77164846606,118.7631555005346,200.09777479171936
2024-03-07,3,0,1.0,-0.20392321777601008,729,545.8188514518148,397901.942708373,109.44363669384347,199.50666975290258
2024-03-08,4,0,1.0,-0.026940683444455778,897,472.2085506647281,423571.06994626106,126.72123712395336,226.5057745575791
2024-03-09,5,1,1.0,0.07175422557959624,1007,467.09202506086217,470361.66923628823,148.84245854893376,294.35997077659783
2024-03-10,6,1,1.0,0.15023570520960283,965,520.4514086401928,502235.60933778604,143.04459488733704,253.11263294302745
2024-03-11,0,0,1.0,0.007409478041977519,800,548.7950481267854,439036.0385014284,114.07982352188594,179.33389015583433
2024-03-12,1,0,1.0,0.1628615545571292,766,527.6854563702103,404207.0595795811,110.93524431994,223.74944191347686
2024-03-13,2,0,1.0,-0.13801014582148916,736,511.2781824010472,376300.74224717077,133.93208634982943,199.40970425766173
2024-03-14,3,0,1.0,-0.17033824393551547,732,511.8950868333057,374707.20356197975,118.01186071785972,173.27075329601854
2024-03-15,4,0,1.0,-0.005554769889661878,899,517.0683111756061,464844.4117468699,129.53726388183568,211.8180746692424
2024-03-16,5,1,1.0,0.03840654489393073,1003,515.1785717957353,516724.1075111225,164.43090535448536,259.6739581532855
2024-03-17,6,1,1.0,-0.0032694748094093114,949,505.6238284793875,479837.0132269387,136.01410608443092,250.43687112126815
2024-03-18,0,0,1.0,-0.20674421000398768,779,502.08402207903754,391123.45319957024,135.12728185359987,199.3607202478013
2024-03-19,1,0,1.0,-0.00891200395127884,749,498.7481374420096,373562.35494406515,117.88724003912745,194.24510589226165
2024-03-20,2,0,1.0,-0.13044695005048532,736,484.92070822266646,356901.64125188254,108.82051244025774,221.5350588306465
2024-03-21,3,0,1.0,0.06696725488300385,756,494.3864984626645,373756.1928377744,120.1694799182514,213.30259869268718
2024-03-22,4,0,1.0,0.03665982460968483,903,466.14086371609227,420925.1999356313,107.07997669364289,230.91431816736952
2024-03-23,5,1,1.0,-0.09398797863273553,990,498.033207464105,493052.8753894639,126.19000411558586,275.4569242487942
2024-03-24,6,1,1.0,-0.05138669173366936,944,480.22817785698163,453335.3998969907,119.05869587918582,206.75892305210007
2024-03-25,0,0,1.0,-0.10592135218889516,789,477.9282136556846,377085.36057433515,120.60564203537128,206.668933272241
2024-03-26,1,0,1.0,-0.006267909727317188,749,503.5978830230696,377194.81438427913,138.30307469228669,227.905113678503
2024-03-27,2,0,1.0,0.09551423205012383,759,527.840045726892,400630.594706711,147.72113621920414,184.78509496191563
2024-03-28,3,0,1.0,-0.09857260463355438,740,518.3663321200463,383591.0857688343,120.44315630132321,166.18252678465632
2024-03-29,4,0,1.0,0.050404651551784446,905,468.58998792753647,424073.9390744205,144.81528499649468,208.5457866746984
2024-03-30,5,1,1.0,-0.053025761837244084,994,480.20743726859325,477326.19264498167,113.29497224504354,216.00714282644998
2024-03-31,6,1,1.0,-0.07928728322623442,942,518.8154237597644,488724.129181698,131.07602561301104,213.3226284763111
2024-04-01,0,0,1.0,-0.010703035995455783,798,480.3502521292338,383319.5011991286,107.12697131954451,190.63003611975472
2024-04-02,1,0,1.0,-0.10352423224193741,739,495.5073370000595,366179.922043044,101.6738724978485,153.5885791848095
2024-04-03,2,0,1.0,-0.05536493053471821,744,511.00104198049104,380184.7752334853,109.09801997945831,186.34860121375516
2024-04-04,3,0,1.0,-0.11978778925888485,738,480.6331109027273,354707.2358462128,103.7319430731904,204.47641662763638
2024-04-05,4,0,1.0,0.19647251329163895,919,502.1075101229192,461436.8018029628,101.47046948529302,204.72316211334942
2024-04-06,5,1,1.0,0.0035263551971728615,1000,473.3194901016359,473319.4901016359,164.95820512235068,295.5785177092531
2024-04-07,6,1,1.0,-0.06997255079925856,943,487.97264712097575,460158.20623508014,121.21806653454723,250.20030818444567
2024-04-08,0,0,1.0,0.021397991073422204,802,506.39563868285074,406129.3022236463,124.13751970034284,225.29576889011483
2024-04-09,1,0,1.0,-0.011232804969082983,748,468.14012532936664,350168.81374636624,143.2282767394596,172.23819261155805
2024-04-10,2,0,1.0,-0.0220969599533223,747,508.80949475920795,380080.69258512836,98.31439420169882,205.89991033856288
2024-04-11,3,0,1.0,0.061416670004342526,756,499.6072440214664,377703.07648022857,75.14205265607549,164.2349391390343
2024-04-12,4,0,1.0,0.07575077100473052,907,511.049799088343,463522.1677731271,130.86188341509478,250.9736344977614
2024-04-13,5,1,1.0,-0.05305011476105275,994,504.47828268129325,501451.4129852055,170.98707754377156,253.62424911264313
2024-04-14,6,1,1.0,-0.057581824064468004,944,527.2828085994769,497754.97131790617,178.5735999356848,251.66807454996905
2024-04-15,0,0,1.0,-0.027505169715164403,797,502.50449005295815,400496.07857220765,99.95097946442847,171.1415329795098
2024-04-16,1,0,1.0,-0.2301921164735585,726,491.4118891774949,356765.0315428613,116.11207272139428,162.00537883521557
2024-04-17,2,0,1.0,-0.15151910621985523,734,502.44595006064566,368795.3273445139,103.26924249446881,196.65096536593956
2024-04-18,3,0,1.0,0.13668742674445247,763,510.86596058072774,389790.7279230953,112.83322811331888,169.04231418330806
2024-04-19,4,0,1.0,0.16449677135012838,916,500.9772014065141,458895.1164883669,185.84437011735207,241.72890890688393
2024-04-20,5,1,1.0,-0.024903603955637833,997,500.81183382407767,499309.3983226054,119.58077165180063,208.35890820877407
2024-04-21,6,1,1.0,0.05765569630557665,955,485.9601662438649,464091.95876289095,148.09642753454634,263.0501911929
2024-04-22,0,0,1.0,0.031125015454353613,803,486.74198164898104,390853.8112641318,127.96115233855285,171.0585133472266
2024-04-23,1,0,1.0,0.30788808084552377,780,471.9478945640061,368119.3577599248,133.9382666690538,207.92381854170085
2024-04-24,2,0,1.0,0.11195749114345768,761,534.9915348637388,407128.55803130526,115.64130359582703,204.53315421513818
2024-04-25,3,0,1.0,-0.012791759148076655,748,475.1227352921743,355391.80599854636,116.80843607098137,171.36444039444035
2024-04-26,4,0,1.0,-0.09555404406004259,890,486.1418960440819,432666.2874792329,126.52865549989211,238.04010934116224
2024-04-27,5,1,1.0,-0.16064463202575727,983,485.63185468861604,477376.11315890955,152.7410356648788,253.43044234570658
2024-04-28,6,1,1.0,0.020346363586722312,952,517.8984875388888,493039.36013702216,136.2656190745293,222.6106765871354
2024-04-29,0,0,1.0,-0.07563507452843034,792,494.10100643415944,391327.99709585425,128.64569873531985,174.0367407063493
2024-04-30,1,0,1.0,-0.14222537095976742,735,524.9548414534747,385841.80846830393,104.81672806015858,140.47410349861963
2024-05-01,2,0,1.0,-0.06465728842425265,743,486.53018751512263,361491.9293237361,117.05371185338649,193.54369955431017
2024-05-02,3,0,1.0,-0.1081548003614395,739,505.57988324447604,373623.5337176678,110.41749561373601,150.05832255890323
2024-05-03,4,0,1.0,0.1687141635072565,916,483.29305893480483,442696.44198428123,158.0292405941461,231.62005860064716
2024-05-04,5,1,1.0,0.08816397569494505,1008,542.9029825554678,547246.2064159116,150.16390253245612,244.0333259456728
2024-05-05,6,1,1.0,-0.0007972641316617373,949,476.24803161940974,451959.3820068198,108.69784375343339,256.58519481672545
2024-05-06,0,0,1.0,0.14799441388900259,814,506.19641420454053,412043.881162496,142.64408203162378,196.12404890245753
2024-05-07,1,0,1.0,0.00773683076476183,750,512.675537618642,384506.6532139815,98.91401548706071,180.08742480719044
2024-05-08,2,0,1.0,-0.08612842013282637,741,508.27598194903,376632.5026242312,101.46118286122449,201.5194857563288
2024-05-09,3,0,1.0,0.15231240772696575,765,496.2942468224458,379665.098819171,105.63638220113457,198.9395817674805
2024-05-10,4,0,1.0,0.05389100436846587,905,497.4035860053315,450150.245334825,160.62732948639177,234.83363423751246
2024-05-11,5,1,1.0,-0.10372461543264565,989,500.8762294395822,495366.59091574675,106.10636404750139,261.173169389619
2024-05-12,6,1,1.0,-0.01903386780836082,948,497.05995996743025,471212.8420491239,201.69171219819347,193.32832881598992
2024-05-13,0,0,1.0,-0.08756182533847573,791,519.2775823358982,410748.56762769545,135.35681871942492,215.7085953760911
2024-05-14,1,0,1.0,-0.1382799730964336,736,544.210460031827,400538.8985834247,113.68607681598122,197.52331097182034
2024-05-15,2,0,1.0,0.09261775475316414,759,488.8501642998433,371037.27470358106,113.01670907064478,166.60012516231316
2024-05-16,3,0,1.0,0.19094166404701307,769,472.60394040841845,363432.4301740738,119.74182167131076,186.6190634723362
2024-05-17,4,0,1.0,-0.13985675738191414,886,498.2343590329749,441435.6421032158,142.13428943088186,220.45521229485755
2024-05-18,5,1,1.0,0.056296923669057086,1005,551.5941867530863,554352.1576868518,163.71883327759613,247.19492195028775
2024-05-19,6,1,1.0,-0.06506425691218269,943,483.9265086406054,456342.6976480909,151.92870022882502,245.19489845422382
2024-05-20,0,0,1.0,-0.048712538376469605,795,532.7823361088814,423561.9572065607,120.67433283195844,232.88809774667374
2024-05-21,1,0,1.0,-0.05923939242388692,744,533.5540162815288,396964.1881134574,108.66360430582698,210.14503336165754
2024-05-22,2,0,1.0,-0.0863990769679816,741,488.92823516584014,362295.8222578875,108.90812993625495,156.07936733001986
2024-05-23,3,0,1.0,0.004852162794482699,750,511.3796615837055,383534.7461877791,109.57637579470979,201.4965747818861
2024-05-24,4,0,1.0,-0.08309501164110378,891,532.5679324625708,474518.0278241505,153.8537831261711,258.2723876311815
2024-05-25,5,1,1.0,0.027045682577983884,1002,492.41744518025024,493402.28007061075,162.19487671450847,262.1274641319174
2024-05-26,6,1,1.0,-0.005023810944913696,949,495.92839279795277,470636.04476525716,86.54142371407195,268.3102127050445
2024-05-27,0,0,1.0,-0.023894804686640975,797,488.3663817210271,389228.00623165857,130.00505837788438,247.3633863567053
2024-05-28,1,0,1.0,-0.09075636620415979,740,479.70486538614267,354981.6003857456,113.88209568183787,207.72635192357495
2024-05-29,2,0,1.0,-0.05767713305683328,744,487.01444909867985,362338.7501294178,111.32161370408505,191.56456785472338
2024-05-30,3,0,1.0,0.07553912258257561,757,475.5211946647549,359969.54436121945,107.66783062023426,212.98395924646476
2024-05-31,4,0,1.0,0.05009171876243808,905,500.6816693651845,453116.91077549197,156.09644023174684,230.1837046685806
2024-06-01,5,1,1.2,-0.09775552447985511,1030,484.60053537882715,499138.551440192,174.01904511973086,258.2386040375051
2024-06-02,6,1,1.2,0.009933230542922588,990,504.67571823581494,499628.9610534568,133.19702217709255,237.06299719930215
2024-06-03,0,0,1.2,0.0751387123371789,847,468.8820870759275,397143.12775331055,133.9454657438896,251.47633344792385
2024-06-04,1,0,1.2,-0.1669405281121372,773,506.61760464428914,391615.4083900355,100.92818688399171,174.27063923680498
2024-06-05,2,0,1.2,0.054336019237993506,795,516.6705792321785,410753.11048958194,97.314071179856,235.29697023357303
2024-06-06,3,0,1.2,-0.06626237589458467,783,460.1252871485709,360278.09983733104,107.63560826292114,207.49180826666134
2024-06-07,4,0,1.2,0.05705986685931594,945,507.48113139695147,479569.66917011916,158.04923662803415,196.57966994436495
2024-06-08,5,1,1.2,-0.07632591565425169,1032,524.5533798494658,541339.0880046488,174.47250093656243,269.3824221110144
2024-06-09,6,1,1.2,-0.1804882100664519,971,475.80717962617587,462008.77141701675,155.61411885828943,181.5762278321082
2024-06-10,0,0,1.2,-0.16275424378831627,823,533.4514477367541,439030.5414873486,135.38507665151803,221.19379293555826
2024-06-11,1,0,1.2,0.0048084946661382,790,508.3803801873209,401620.5003479835,126.65561693641634,218.47998614683908
2024-06-12,2,0,1.2,0.025972250172148187,792,485.89976288483183,384832.6122047868,108.63893153166843,183.9256224937072
2024-06-13,3,0,1.2,-0.09043166251044087,780,498.8846184468459,389130.0023885398,123.73799169691347,197.8910160853606
2024-06-14,4,0,1.2,0.06385924587773739,946,511.1665382504344,483563.545184911,157.04374821730775,291.9589879698331
2024-06-15,5,1,1.2,-0.166152006226896,1023,501.52010782824823,513055.07030829793,168.8828006079857,240.2286336462012
2024-06-16,6,1,1.2,-0.006607979864731658,989,510.7751198489274,505156.5935305892,171.86670648776843,215.83221189203067
2024-06-17,0,0,1.2,-0.12110161997624568,827,481.5865281384127,398272.0587704673,135.7653456327056,243.51006901509706
2024-06-18,1,0,1.2,-0.06518361078021592,783,503.3872164807216,394152.190504405,122.95367893010118,241.8511731055684
2024-06-19,2,0,1.2,0.004739867131641402,790,471.7257100619004,372663.3109489013,135.40837376539955,197.587587422794
2024-06-20,3,0,1.2,-0.08604133652839524,781,497.775478773026,388762.6489217333,116.73573793052968,218.94857891961777
2024-06-21,4,0,1.2,-0.03845555442298254,936,481.9218471707042,451078.84895177913,123.89130652901711,271.66864370810714
2024-06-22,5,1,1.2,0.10062928092144406,1050,485.28940114820466,509553.8712056149,154.07559375718094,239.1117466750409
2024-06-23,6,1,1.2,-0.057689186952314876,984,524.7218635042087,516326.3136881414,132.94031595020908,231.67377173994052
2024-06-24,0,0,1.2,0.08356921120651419,848,521.8262024118853,442508.6196452788,115.74897645643448,243.31344761465647
2024-06-25,1,0,1.2,-0.11297068546576182,778,512.1827624181435,398478.1891613157,114.45128948366653,233.8282332650566
2024-06-26,2,0,1.2,0.05298041779152828,795,478.1537447065484,380132.227041706,106.65052325610061,212.17470851515836
2024-06-27,3,0,1.2,0.14415686206579004,804,493.67183100610396,396912.15212890756,115.64797860340423,179.77887779353046
2024-06-28,4,0,1.2,-0.24716445001272894,915,524.2619539995836,479699.687909619,102.59685159474571,283.29482751614967
2024-06-29,5,1,1.2,-0.07968952554704768,1032,502.8343382727981,518925.03709752765,159.20238212017745,241.56114100374157
2024-06-30,6,1,1.2,0.057707212718054006,995,546.3865907996338,543654.6578456357,149.27398895970828,238.74613723203217
2024-07-01,0,0,1.2,-0.02030453860429927,837,507.8663567878874,425084.14063146175,111.87193631591849,217.8461030240344
2024-07-02,1,0,1.2,0.03711458733713088,793,503.8409823298006,399545.8989875319,129.40563630133795,235.2234764088045
2024-07-03,2,0,1.2,-0.06039851867158206,783,493.81767071595,386659.2361705888,132.1323483552319,215.80989568921174
2024-07-04,3,0,1.2,0.008658978747289992,790,502.67081809564564,397109.94629556005,93.10055414297021,207.33231235857727
2024-07-05,4,0,1.2,-0.015567723539207948,938,496.9506032723891,466139.665869501,126.39128315409782,247.53693923752348
2024-07-06,5,1,1.2,0.11677820616598074,1051,514.1621735337718,540384.4443839942,141.48262780747098,264.1220175023285
2024-07-07,6,1,1.2,0.025442084330121312,992,519.1340463358916,514980.9739652045,130.15232247400013,264.6102319520707
2024-07-08,0,0,1.2,0.03376026620752022,843,484.280210789841,408248.217695836,140.43494583496928,146.7774256351111
2024-07-09,1,0,1.2,-0.04118769661224674,785,473.3753409288444,371599.64262914285,114.70692962126697,189.26489433890626
2024-07-10,2,0,1.2,-0.048760622407249356,785,463.27589253793406,363671.57564227824,113.5971169914234,201.9331315672902
2024-07-11,3,0,1.2,-0.043255818781962094,785,510.15982653825085,400475.46383252693,86.28936087881397,169.1436183307606
2024-07-12,4,0,1.2,0.039445214237829686,943,477.93266787652254,450690.50580756075,153.43398404974602,246.67908666088903
2024-07-13,5,1,1.2,-0.0420984480820263,1035,456.94218814095035,472935.16472588363,129.5973512265331,252.40116858838093
2024-07-14,6,1,1.2,0.028977485689641293,992,507.77157209061926,503709.3995138943,149.98906338448396,300.242956781869
2024-07-15,0,0,1.2,0.2075400798645439,860,549.8599903486559,472879.59169984405,133.77088333288089,255.5839089105433
2024-07-16,1,0,1.2,0.08711247034316924,798,499.8785817692021,398903.1082518233,141.41611118958488,188.34861467531118
2024-07-17,2,0,1.2,-0.03260235321678411,786,516.7698154890328,406181.0749743798,97.32534332584756,192.9432467612573
2024-07-18,3,0,1.2,0.12012139221639449,802,501.6365871709513,402312.54291110294,71.86702502063396,198.72082157146207
2024-07-19,4,0,1.2,-0.04080753730215514,935,498.02220693617716,465650.7634853256,143.6879864868941,221.0809516937226
2024-07-20,5,1,1.2,-0.2038124535177854,1019,518.3815296597554,528230.7787232908,189.5444178791912,260.7119137617398
2024-07-21,6,1,1.2,-0.10080863109174042,979,494.194509116227,483816.42442478624,171.1085695905542,222.47925563677148
2024-07-22,0,0,1.2,-0.18707919210258558,821,505.3478462814381,414890.5817970607,126.59260759880934,177.4029443004887
2024-07-23,1,0,1.2,-0.03515134840413087,786,506.43395612392027,398057.0895134013,110.1714791618642,211.18353065956833
2024-07-24,2,0,1.2,0.00184183791895517,790,486.638190927139,384444.17083243985,131.2525370268695,212.4198511460569
2024-07-25,3,0,1.2,0.1676437312275283,806,519.8408469907305,418991.7226745288,105.20643526076397,182.05164493142138
2024-07-26,4,0,1.2,0.032692737376416266,943,496.5008048660918,468200.25898872456,150.4341075300583,261.0796051362739
2024-07-27,5,1,1.2,-0.021910052880886426,1037,484.8850968101431,502825.84539211844,166.03345110111584,239.60161684566654
2024-07-28,6,1,1.2,0.08294055811834893,998,510.73019687140805,509708.73647766525,170.86178975367764,257.07976722685714
2024-07-29,0,0,1.2,-0.22111353090078853,817,482.03064036417925,393819.03317753447,167.64284503580703,224.3566317491313
2024-07-30,1,0,1.2,0.023561455810856596,792,500.56362314738254,396446.38953272696,125.01586892011167,197.20136546263979
2024-07-31,2,0,1.2,0.07708651938869669,797,499.8176200671159,398354.6431934914,111.43711980622246,210.12285520929453
2024-08-01,3,0,1.2,-0.14785862457798415,775,521.7179113166316,404331.3812703895,115.85359816102408,181.74301077961397
2024-08-02,4,0,1.2,0.11437540432069292,951,509.49396465759907,484528.7603893767,109.00217628900896,232.14480837479638
2024-08-03,5,1,1.2,0.03384964074944141,1043,499.4994608250971,520977.9376405763,141.95828408548223,254.30865840775414
2024-08-04,6,1,1.2,-0.04152879139008013,985,516.3553259840057,508609.99609424564,139.68713596917186,224.18860985973595
2024-08-05,0,0,1.2,0.06327818661062849,846,527.8041509803463,446522.311729373,118.0324243069467,207.01347174012145
2024-08-06,1,0,1.2,0.2270692857804396,812,511.15620612703725,415058.83937515423,124.27424312182764,165.27565823967913
2024-08-07,2,0,1.2,0.018186625505849516,791,500.2070523968676,395663.77844592225,105.6393166697136,186.09492158031787
2024-08-08,3,0,1.2,0.02482205863003361,792,473.7632753529968,375220.51407957345,136.55712577041962,191.2313582775366
2024-08-09,4,0,1.2,-0.045936089954024414,935,478.6977267384925,447582.3745004905,140.25387211397026,226.5641579425046
2024-08-10,5,1,1.2,-0.08498443694647918,1031,493.89550591290663,509206.26659620675,154.45822737812176,250.2804839992168
2024-08-11,6,1,1.2,0.08303358165442457,998,487.80975595681434,486834.1364449007,143.15522145840217,247.65077985618774
2024-08-12,0,0,1.2,-0.08560838259088673,831,496.26057394029107,412392.5369443819,127.22926916573623,219.70247704588556
2024-08-13,1,0,1.2,0.007156623721939247,790,501.13299849794214,395895.06881337427,131.53655258174862,218.2260546569408
2024-08-14,2,0,1.2,-0.04776574467651167,785,510.5938550871346,400816.17624340067,104.13605561333887,180.9480289077233
2024-08-15,3,0,1.2,0.04789798257463919,794,498.59002443881815,395880.4794044216,108.64911015348491,169.83975562463058
2024-08-16,4,0,1.2,0.03336621052869483,943,509.73003287652404,480675.42100256216,135.7217270972721,206.2705635776426
2024-08-17,5,1,1.2,0.10375399442578992,1050,501.2894882962024,526353.9627110126,129.2367106070625,247.15310798235978
2024-08-18,6,1,1.2,-0.05100163988547471,984,460.4906686729226,453122.8179741558,131.47700532068092,235.61128269805667
2024-08-19,0,0,1.2,-0.026987493529337128,837,481.2132921236249,402775.525507474,117.5780625768624,189.91539877778186
2024-08-20,1,0,1.2,-0.09787637157823074,780,497.1182488855677,387752.2341307428,130.64047121911855,164.67087005655247
2024-08-21,2,0,1.2,-0.04442932600761116,785,475.80610514317783,373507.7925373946,121.87221286533021,185.50835451298286
2024-08-22,3,0,1.2,0.03773004930448522,793,511.9985745999241,406014.8696577398,122.02033599428925,202.56613929251137
2024-08-23,4,0,1.2,0.0756988616645352,947,530.615016646874,502492.4207645897,158.16600740346138,253.6547871243884
2024-08-24,5,1,1.2,-0.09221653241776255,1030,524.3752370339463,540106.4941449647,151.6701411589724,240.27562765895289
2024-08-25,6,1,1.2,0.08696059201056602,998,495.73114258139583,494739.68029623304,157.49367840458063,237.13484520502558
2024-08-26,0,0,1.2,0.13556378588049509,853,529.814522736999,451931.7878946602,126.18903689497161,189.5357902765973
2024-08-27,1,0,1.2,0.041343490322370086,794,502.97334914404223,399360.8392203695,123.31395410846609,197.75111896167283
2024-08-28,2,0,1.2,0.1876795812558066,808,493.2582805776392,398552.69070673245,111.78262009299684,181.43408990721466
2024-08-29,3,0,1.2,-0.07737891991035731,782,487.73194672918123,381406.3823422197,79.15689964455663,208.94557849863855
2024-08-30,4,0,1.2,-0.1244654703311417,927,493.9506062702374,457892.2120125101,136.5604643330659,182.08505285931238
2024-08-31,5,1,1.2,-0.17787202489042786,1022,492.23646362917543,503065.6658290173,182.38097190188276,244.4737542426075
2024-09-01,6,1,1.0,0.1496044311489183,964,503.40832444750976,485285.6247673994,162.4574329552179,249.70802424942516
2024-09-02,0,0,1.0,0.06543656563540577,806,503.2114796209973,405588.4525745238,136.4622074516097,205.94511860467816
2024-09-03,1,0,1.0,-0.005558467091045507,749,500.0609204030683,374545.62938189815,130.86723821265716,247.76246642964176
2024-09-04,2,0,1.0,0.02799686263198203,752,508.738763394927,382571.5500729851,114.13341016806001,195.891488554252
2024-09-05,3,0,1.0,-0.11254890472983765,738,523.8129254957269,386573.9390158464,113.61237984130659,162.27023122591788
2024-09-06,4,0,1.0,0.24457519796168264,924,518.9910827088265,479547.76042295573,127.1857929723732,228.35373107069088
2024-09-07,5,1,1.0,0.012922118197522751,1001,470.30204063100194,470772.34267163294,143.82222142233846,196.90932260600246
2024-09-08,6,1,1.0,0.01093947946048929,951,448.9215773019609,426924.4200141648,154.3619672686471,235.45048915256342
2024-09-09,0,0,1.0,0.07257666238986919,807,518.6863982247854,418579.9233674018,140.48069481590468,181.58171286001163
2024-09-10,1,0,1.0,0.048100923173671324,754,472.66242603169155,356387.46922789543,110.99715016273053,209.20612803317084
2024-09-11,2,0,1.0,0.022388402427913137,752,495.50469196214635,372619.5283555341,106.02915345663477,175.60237140512473
2024-09-12,3,0,1.0,-0.07904744554453119,742,476.5977394788128,353635.5226932791,111.30783490943189,182.90079071439783
2024-09-13,4,0,1.0,0.04714683571359957,904,463.9603912483996,419420.19368855323,146.4698180206384,208.7636713411126
2024-09-14,5,1,1.0,0.18820244964750338,1018,510.8292545640958,520024.1811462495,123.30311594352108,307.60452028560076
2024-09-15,6,1,1.0,0.13454200461549778,963,515.1831032060529,496121.32838742895,100.22555484257678,231.46929648685352
2024-09-16,0,0,1.0,0.1593186626639397,815,488.46979198546563,398102.8804681545,113.27624935328717,248.55601971306646
2024-09-17,1,0,1.0,-0.051121567643118516,744,448.17915415710183,333445.2906928838,93.43579910239733,204.1718673304797
2024-09-18,2,0,1.0,-0.0989604820258581,740,489.07511103495034,361915.58216586325,103.47952507481979,195.70188134684557
2024-09-19,3,0,1.0,-0.012578692009964816,748,507.8360801080509,379861.3879208221,109.98920643049063,195.27437182580516
2024-09-20,4,0,1.0,0.0055724912288694604,900,470.4217686245174,423379.59176206565,126.84152863758575,235.6325270518388
2024-09-21,5,1,1.0,0.10941915184709486,1010,503.6671983955831,508703.870379539,180.83984419630906,194.091520845828
2024-09-22,6,1,1.0,-0.16924646297148194,933,499.6938030165401,466214.31821443187,146.0470573074793,225.44405379772033
2024-09-23,0,0,1.0,0.1529550319460614,815,511.5858299920218,416942.45144349773,127.14773206165648,224.41411239545667
2024-09-24,1,0,1.0,-0.015800789857898942,748,502.3916073682831,375788.92231147573,121.50821887488928,185.90274720284106
2024-09-25,2,0,1.0,-0.04268810699474201,745,480.5386211823689,358001.27278086485,94.78138654506654,154.8440069239401
2024-09-26,3,0,1.0,-0.10121043752601676,739,523.9314300332899,387185.3267946012,126.20807221807156,183.58819333069752
2024-09-27,4,0,1.0,-0.16548566718657695,883,496.8294085394606,438700.3677403437,131.11200269978377,265.8917551256079
2024-09-28,5,1,1.0,0.08231705839619147,1008,499.45390920980134,503449.54048347974,164.71688924358284,289.7060054777699
2024-09-29,6,1,1.0,0.007331796718840389,950,481.33464081853606,457267.90877760923,122.13471257223705,235.7328857330681
2024-09-30,0,0,1.0,-0.1289960899741054,787,491.1343549761698,386522.73736624565,93.59383702290715,219.21371743134142
2024-10-01,1,0,1.0,-0.12950787720636162,737,482.303945719462,355458.0079952435,122.60569355928891,176.1465297796624
2024-10-02,2,0,1.0,-0.033578469929012825,746,496.5410788015315,370419.6447859425,117.51603012937494,148.36735388681802
2024-10-03,3,0,1.0,0.1669021525289393,766,534.2341696028469,409223.37391578074,101.08057018724293,170.25577159278285
2024-10-04,4,0,1.0,-0.02595913513636048,897,472.5619771413729,423888.0934958115,118.94824432193197,266.3073367605556
2024-10-05,5,1,1.0,-0.15031429531181062,984,467.72877204246515,460245.1116897857,169.74855655728265,237.91172422439894
2024-10-06,6,1,1.0,-0.024574306408594433,947,529.4234065498722,501363.96600272896,119.52253874909282,229.83546114595575
2024-10-07,0,0,1.0,-0.02727235697476705,797,495.8135264569627,395163.38058619923,145.73420687490005,192.0808687270676
2024-10-08,1,0,1.0,-0.26968866429415717,723,486.61854522680164,351825.2081989776,95.42702417699182,222.0507226278385
2024-10-09,2,0,1.0,-0.005429486651781221,749,520.7980937479215,390077.7722171932,121.91311104561356,223.78529682818558
2024-10-10,3,0,1.0,-0.023093453020867797,747,487.88768920526275,364452.1038363313,107.14043997231016,236.47286503157267
2024-10-11,4,0,1.0,0.06962063648134184,906,536.5201942709388,486087.29600947053,146.82975625121205,222.1771511813266
2024-10-12,5,1,1.0,0.18489560949453454,1018,513.5585174267853,522802.57074046746,141.62183891695506,263.5283718863363
2024-10-13,6,1,1.0,0.11265650295477575,961,490.24177183708593,471122.3427354396,141.0211203452905,196.5251953001986
2024-10-14,0,0,1.0,-0.02688886905548306,797,543.1461642653101,432887.49291945214,120.20225165580779,234.56350212848793
2024-10-15,1,0,1.0,-0.11065259087416704,738,487.8857015399332,360059.64773647074,95.90771315266547,158.64536073492792
2024-10-16,2,0,1.0,0.25733598032498606,775,514.8419074401861,399002.47826614423,127.73277735401194,198.79003185748115
2024-10-17,3,0,1.0,0.005921843401448826,750,505.98585160812985,379489.3887060974,104.80179650292622,162.81069312826102
2024-10-18,4,0,1.0,0.0013929291912946203,900,526.0348257879759,473431.34320917836,130.88520152387966,209.1005956780552
2024-10-19,5,1,1.0,-0.002412508711000328,999,531.2302239345371,530698.9937106025,129.98289949532193,224.6572449414405
2024-10-20,6,1,1.0,0.019808476076785497,951,500.64008298131535,476108.7189152309,93.91441380971318,220.4073188129189
2024-10-21,0,0,1.0,-0.014436041192394248,798,484.93164259307633,386975.45078927494,116.65119690890128,186.59340248661343
2024-10-22,1,0,1.0,-0.05736620068802363,744,509.19944285878233,378844.38548693404,147.49971747360019,173.76264049727226
2024-10-23,2,0,1.0,-0.054685894124039215,744,486.44569260495786,361915.5952980886,123.27491180392258,204.60001291093647
2024-10-24,3,0,1.0,-0.003275327021599839,749,540.2677449505325,404660.5409679488,112.06147951157877,162.42373303988518
2024-10-25,4,0,1.0,-0.0543424771133765,894,502.73070662165475,449441.25171975937,129.39951197375618,229.4149210725119
2024-10-26,5,1,1.0,-0.07128457826771643,992,492.6935689737578,488752.0204219677,149.24572331339098,284.24646437261345
2024-10-27,6,1,1.0,0.010643022769189684,951,503.69360611729815,479012.6194175505,153.05620557063247,223.1085077204328
2024-10-28,0,0,1.0,-0.02549772174208553,797,473.05747420940605,377026.80694489664,100.72784372397702,182.08455932222483
2024-10-29,1,0,1.0,0.15039929885826886,765,480.567719229787,367634.30521078705,131.79912192843375,185.95945985211324
2024-10-30,2,0,1.0,-0.2650969808393012,723,524.0082781588885,378857.98510887637,118.79441382128037,206.3382397693438
2024-10-31,3,0,1.0,0.10915068519224619,760,486.8621144205721,370015.2069596348,124.9164230307606,194.42565398573655
2024-11-01,4,0,1.0,0.1246085192497629,912,479.0617803463612,436904.34367588145,144.79779747588944,213.4659768995361
2024-11-02,5,1,1.0,-0.20733902324081496,979,510.7330550505457,500007.66089448426,147.23409415764831,258.96145724539275
2024-11-03,6,1,1.0,-0.03426875940803488,946,523.7140830932599,495433.5226062239,154.6305345844922,205.2169487876423
2024-11-04,0,0,1.0,-0.03714408659957915,796,514.3790662133014,409445.7367057879,128.82168100916275,215.27086510937758
2024-11-05,1,0,1.0,-0.14075116947178212,735,519.9209537161163,382141.90098134545,105.04560154916695,192.75979113482398
2024-11-06,2,0,1.0,-0.07778166875908754,742,484.86409822861077,359769.1608856292,102.78774969020999,178.64818343244846
2024-11-07,3,0,1.0,-0.11105758454658288,738,471.56378666516315,348014.0745588904,112.20339891806692,165.93371042237828
2024-11-08,4,0,1.0,0.17522704434236228,917,530.0266730391097,486034.4591768636,165.95902957842173,204.85740782798212
2024-11-09,5,1,1.0,0.09356783931474612,1009,493.5464032231573,497988.32085216575,126.34481921330426,268.43892077119074
2024-11-10,6,1,1.0,0.12715550949941587,962,494.98333967089906,476173.9727634049,116.06481388692305,275.9683773018343
2024-11-11,0,0,1.0,0.07216720640432352,807,526.5638828369812,424937.05344944383,123.70923997755737,186.3207794444329
2024-11-12,1,0,1.0,-0.11290517712172293,738,511.1246001880132,377209.95493875374,111.45110247939483,194.6486816166299
2024-11-13,2,0,1.0,-0.05245202662797737,744,509.11775544163214,378783.61004857434,114.17932396583166,139.41755694480182
2024-11-14,3,0,1.0,0.04893745612279181,754,543.3000468980217,409648.2353611084,116.77881422446018,175.27594693253414
2024-11-15,4,0,1.0,-0.12221278088919454,887,487.1296353923971,432083.98659305624,129.09039200277854,220.9235217963053
2024-11-16,5,1,1.0,0.07129984301723881,1007,518.5568025616247,522186.70017955615,181.05584965344593,224.26846397297882
2024-11-17,6,1,1.0,-0.024032539815813506,947,501.1402624979417,474579.8285855508,111.72887864765478,210.14385389222758
2024-11-18,0,0,1.0,-0.037482080754959755,796,505.37184557726516,402275.98907950305,106.21032736549847,183.053424191523
2024-11-19,1,0,1.0,0.07109599682034916,757,530.5693685282506,401641.0119758857,111.98672293134341,195.88569686029194
2024-11-20,2,0,1.0,0.044426331148603976,754,510.15671512579246,384658.1632048475,88.32071272779515,184.2626176036478
2024-11-21,3,0,1.0,-0.03609661658190799,746,510.76592158099265,381031.37749942055,109.2762522858735,136.40838499818713
2024-11-22,4,0,1.0,0.11593298033642481,911,521.4501467461961,475041.08368578466,166.9219864195645,169.79126482848363
2024-11-23,5,1,1.0,-0.10810633275998974,989,492.7009454091423,487281.23500964174,148.7631347384941,229.2443101729776
2024-11-24,6,1,1.0,0.061593560694426376,956,483.2158066532199,461954.3111604782,147.81100131734124,252.12645128801586
2024-11-25,0,0,1.0,0.05931012579683838,805,479.10381611957934,385678.5719762614,100.46134728072145,134.89775804818558
2024-11-26,1,0,1.0,-0.03095464393139903,746,460.67286821247995,343661.95968651003,102.70388779205099,175.31603865772652
2024-11-27,2,0,1.0,0.0326133022242118,753,541.1241425988064,407466.47937690123,107.2995425123215,176.36206092127145
2024-11-28,3,0,1.0,-0.1251113576385303,737,477.9358326855663,352238.7086892624,105.86687947381311,214.94614827618878
2024-11-29,4,0,1.0,0.09240270192069011,909,495.57492752828455,450477.60912321066,159.65028419316852,216.75045519459022
2024-11-30,5,1,1.0,-0.018490213644298904,998,494.4637340022216,493474.80653421715,160.83151357207348,260.9666902031434
2024-12-01,6,1,1.2,-0.05227230205190395,984,506.148133956182,498049.76381288306,125.72650740747922,250.16991077538194
2024-12-02,0,0,1.2,0.10490092258368894,850,516.3147442507859,438867.532613168,131.6905812333441,158.1705547649164
2024-12-03,1,0,1.2,-0.07043436905427593,782,517.209469767195,404457.80535794643,125.09218814648972,213.52214130218056
2024-12-04,2,0,1.2,-0.14084612963635598,775,488.33845122862124,378462.2997021815,133.92231009707962,198.75796875185867
2024-12-05,3,0,1.2,-0.15566291735239038,774,496.65756572427176,384412.95587058633,140.5667698280784,205.301997813244
2024-12-06,4,0,1.2,0.06060099513456396,946,505.651599009766,478346.41266323865,122.69441789061672,347.92662610866296
2024-12-07,5,1,1.2,-0.12804293524962831,1027,495.02617747632905,508391.88426818996,137.39498671973965,192.5384803340485
2024-12-08,6,1,1.2,0.1754794181984365,1007,532.1469115203998,535871.9399010426,125.72238192145961,303.85308578928306
2024-12-09,0,0,1.2,-0.20819294078837222,819,509.819499032765,417542.16970783455,119.01675470782763,197.68741444833324
2024-12-10,1,0,1.2,0.16964563682900383,806,514.6975557209963,414846.22991112305,128.4176969960749,208.44761290846478
2024-12-11,2,0,1.2,0.02110174672026184,792,513.2576253733482,406500.03929569176,134.43937874277137,196.91862905164248
2024-12-12,3,0,1.2,-0.00967131118703924,789,523.4694771497064,413017.4174711184,117.15149284692097,187.20832598846832
2024-12-13,4,0,1.2,-0.05449190868089498,934,503.62043117407416,470381.4827165853,134.1252482655995,217.53328135074997
2024-12-14,5,1,1.2,0.03991361143520709,1043,474.0633610408831,494448.08556564106,159.6156717183087,271.06032833607946
2024-12-15,6,1,1.2,-0.0037634702424848366,989,507.99375903505285,502405.82768566726,131.83087340575813,202.23545641975127
2024-12-16,0,0,1.2,0.11033018820165215,851,486.97286212416344,414413.9056676631,163.21394904324504,231.9122861468307
2024-12-17,1,0,1.2,0.011422764866203965,791,489.4276663650049,387137.28409471887,93.21680255099231,187.87370677207292
2024-12-18,2,0,1.2,0.01503017614618776,791,511.7272803751019,404776.2787767056,121.57259595813035,170.9334545845723
2024-12-19,3,0,1.2,-0.03636122122138559,786,524.7656614286727,412465.80988293677,149.71108976628992,185.88869680845872
2024-12-20,4,0,1.2,-0.005694562372106746,939,500.4254315347212,469899.4802111032,140.97770108083674,270.16389343901864
2024-12-21,5,1,1.2,0.03078017688920592,1043,506.1766602519793,527942.2566428144,152.4857857298688,243.99936512726237
2024-12-22,6,1,1.2,-0.17101683926566258,972,534.0442988927048,519091.058523709,138.85126098056529,253.4525075069925
2024-12-23,0,0,1.2,-0.1348185422105713,826,504.81506358977134,416977.2425251511,120.919929417285,188.38690348777058
2024-12-24,1,0,1.2,0.0743264094022715,797,552.0336622836079,439970.8288400355,141.43320468634388,217.37191143167374
2024-12-25,2,0,1.2,0.017086543812794185,791,511.3101929126309,404446.36259389104,83.65834456276718,214.01709864149151
2024-12-26,3,0,1.2,-0.018398333635267914,788,464.78474481688363,366250.3789157043,142.36691513243008,240.70111281912716
2024-12-27,4,0,1.2,0.001843393306539316,940,515.0668324220907,484162.82247676526,114.22960553393727,230.0490967369221
2024-12-28,5,1,1.2,0.03475817053616711,1043,507.62316769765556,529450.9639086548,150.8876324121701,281.6722088408749
2024-12-29,6,1,1.2,-0.053975968030936156,984,525.7950550816549,517382.3342003485,139.1524698085223,248.89495376718966
2024-12-30,0,0,1.2,-0.07783047254023127,832,513.4636270253992,427201.73768513213,134.59352640898476,240.34495967530083
